form,lemma,POS,morph
Postquam,postquam,CONsub,MORPH=empty
conspicuo,conspicuus,ADJqua,Case=Abl|Numb=Sing|Gend=MascNeut|Deg=Pos
longinqua,longinquus,ADJqua,Case=Nom|Numb=Sing|Gend=Fem|Deg=Pos
in,in,PRE,MORPH=empty
deuia,deuius,ADJqua,Case=Acc|Numb=Sing|Deg=Pos
templo,templum,NOMcom,Case=Abl|Numb=Sing
Extrema,exter,ADJqua,Case=Nom|Numb=Sing|Gend=Fem|Deg=Sup
est,sum1,VER,Numb=Sing|Mood=Ind|Tense=Pres|Voice=Act|Person=3
inposta,impono,VER,Case=Nom|Numb=Sing|Gend=Fem|Deg=Pos
manus,manus1,NOMcom,Case=Nom|Numb=Sing
mox,mox,ADV,Deg=Pos
cura,cura,NOMcom,Case=Nom|Numb=Sing
sacrorum,sacrum,NOMcom,Case=Gen|Numb=Plur
Vatibus,uates,NOMcom,Case=Dat|Numb=Plur
incubuit,incumbo,VER,Numb=Sing|Mood=Ind|Tense=Perf|Voice=Act|Person=3
quo,quis1,PROint,Case=Abl|Numb=Sing|Gend=MascNeut
ritu,ritus,NOMcom,Case=Abl|Numb=Sing
quaeque,qui,PROind,Case=Nom|Numb=Plur|Gend=Fem
{quaeque},que,CON,MORPH=empty
litarent,lito,VER,Numb=Plur|Mood=Sub|Tense=Impa|Voice=Act|Person=3
Hostia,hostia,NOMcom,Case=Nom|Numb=Sing
peccatum,peccatum,NOMcom,Case=Acc|Numb=Sing
demeret,demo,VER,Numb=Sing|Mood=Sub|Tense=Impa|Voice=Act|Person=3
quae,quis1,PROrel,Case=Nom|Numb=Sing|Gend=Fem
quaeue,quis,PROint,Case=Nom|Numb=Sing|Gend=Fem
{quaeue},ue,CON,MORPH=empty
salutem,salus,NOMcom,Case=Acc|Numb=Sing
Caesa,caedo,NOMpro,Case=Nom|Numb=Sing|Gend=Fem|Mood=Par|Tense=Perf|Voice=Pass
daret,do,VER,Numb=Sing|Mood=Sub|Tense=Impa|Voice=Act|Person=3
quae,quis1,PROrel,Case=Acc|Numb=Plur|Gend=Neut
dona,donum,NOMcom,Case=Acc|Numb=Plur
potens,potens,ADJqua,Case=Nom|Numb=Sing|Gend=Com|Deg=Pos
quae,quis1,PROrel,Case=Acc|Numb=Plur|Gend=Neut
pauper,pauper,ADJqua,Case=Nom|Numb=Sing|Gend=Com|Deg=Pos
ad,ad2,PRE,MORPH=empty
aram,ara,NOMcom,Case=Acc|Numb=Sing
Poneret,pono,VER,Numb=Sing|Mood=Sub|Tense=Impa|Voice=Act|Person=3
et,et2,CONcoo,MORPH=empty
geminus,geminus,ADJqua,Case=Nom|Numb=Sing|Gend=Masc|Deg=Pos
quae,quis1,PROrel,Case=Acc|Numb=Plur|Gend=Neut
ferret,fero,VER,Numb=Sing|Mood=Sub|Tense=Impa|Voice=Act|Person=3
commoda,commodus,ADJqua,Case=Acc|Numb=Plur
turtur,turtur,NOMcom,Case=Nom|Numb=Sing
Quaeue,quis,PROrel,Case=Nom|Numb=Sing|Gend=Fem
{Quaeue},ue,CON,MORPH=empty
columba,columba,NOMcom,Case=Abl|Numb=Sing
pari,par2,ADJqua,Case=Abl|Numb=Sing|Gend=Com|Deg=Pos
sociata,socio,VER,Case=Nom|Numb=Sing|Gend=Neut|Mood=Par|Tense=Perf|Voice=Pass
et,et2,CONcoo,MORPH=empty
iuncta,iungo,VER,Case=Nom|Numb=Plur|Gend=Neut|Mood=Par|Tense=Perf|Voice=Pass
columbae,columba,NOMcom,Case=Gen|Numb=Sing
Sed,sed,CONcoo,MORPH=empty
mirum,mirus,ADJqua,Case=Nom|Numb=Sing|Gend=Neut|Deg=Pos
pecudum,pecus2,NOMcom,Case=Gen|Numb=Plur
caesarum,caedo,VER,Case=Gen|Numb=Plur|Gend=Fem
uiscera,uiscus2,NOMcom,Case=Acc|Numb=Plur
raptim,raptim,ADV,Deg=Pos
Ignis,ignis,NOMcom,Case=Gen|Numb=Sing
edax,edax,ADJqua,Case=Nom|Numb=Sing|Gend=Com|Deg=Pos
celso,celsus,ADJqua,Case=Abl|Numb=Sing|Gend=MascNeut|Deg=Pos
rapiebat,rapio,VER,Numb=Sing|Mood=Ind|Tense=Impa|Voice=Act|Person=3
sidere,sidus,NOMcom,Case=Abl|Numb=Sing
missus,mitto,VER,Case=Nom|Numb=Sing|Gend=Masc|Mood=Par|Tense=Perf|Voice=Pass
Interea,interea,ADV,Deg=Pos
iuuenes,iuuenis1,NOMcom,Case=Nom|Numb=Plur
uegeti,uegetus,ADJqua,Case=Nom|Numb=Plur|Gend=Masc|Deg=Pos
iam,iam,ADV,Deg=Pos
fortibus,fortis,ADJqua,Case=Abl|Numb=Plur|Gend=Com|Deg=Pos
annis,annus,NOMcom,Case=Abl|Numb=Plur
Esse,sum1,VER,Mood=Inf|Tense=Pres|Voice=Act
sibi,sui1,PROref,Case=Dat|Numb=Sing
licitum,licet1,VER,Case=Acc|Numb=Sing|Gend=MascNeut|Mood=Par|Tense=Perf|Voice=Pass
stolido,stolidus,ADJqua,Case=Abl|Numb=Sing|Gend=MascNeut|Deg=Pos
dum,dum2,CONsub,MORPH=empty
pectore,pectus,NOMcom,Case=Abl|Numb=Sing
credunt,credo,VER,Numb=Plur|Mood=Ind|Tense=Pres|Voice=Act|Person=3
Nabdus,Nabdus,NOMpro,Case=Nom|Numb=Sing
et,et2,CONcoo,MORPH=empty
Abiudus,Abiudus,ADJqua,Case=Nom|Numb=Sing|Deg=Pos
Aronis,Aron,ADJqua,Case=Nom|Numb=Sing
nota,notus2,ADJqua,Case=Acc|Numb=Plur|Gend=Neut|Deg=Pos
prophetae,propheta,NOMcom,Case=Nom|Numb=Plur
Pignora,pignus,NOMcom,Case=Acc|Numb=Plur
sacrilegis,sacrilegus2,ADJqua,Case=Abl|Numb=Plur|Gend=Com|Deg=Pos
accendunt,accendo,VER,Numb=Plur|Mood=Ind|Tense=Pres|Voice=Act|Person=3
ritibus,ritis,NOMcom,Case=Abl|Numb=Plur
ignem,ignis,NOMcom,Case=Acc|Numb=Sing
Haut,haud,ADVneg,MORPH=empty
multum,multum2,ADV,Deg=Pos
dilata,differo,VER,Case=Abl|Numb=Sing|Gend=Fem|Mood=Par|Tense=Perf|Voice=Pass
nece,nex,NOMcom,Case=Abl|Numb=Sing
nam,nam,CONcoo,MORPH=empty
fulgur,fulgur,NOMcom,Case=Acc|Numb=Sing
ab,ab,PRE,MORPH=empty
axe,axis,NOMcom,Case=Abl|Numb=Sing
Emicuit,emico,VER,Numb=Sing|Mood=Ind|Tense=Perf|Voice=Act|Person=3
supero,superus,NOMcom,Case=Abl|Numb=Sing|Deg=Pos
atque,atque1,CONcoo,MORPH=empty
inter,inter,PRE,MORPH=empty
uota,uotum,NOMcom,Case=Acc|Numb=Plur
necauit,neco,VER,Numb=Sing|Mood=Ind|Tense=Perf|Voice=Act|Person=3
Non,non,ADVneg,MORPH=empty
sincera,sincerus,ADJqua,Case=Abl|Numb=Sing|Gend=Fem|Deg=Pos
uiros,uir,NOMcom,Case=Acc|Numb=Plur
multum,multum2,ADV,Deg=Pos
genitore,genitor,NOMcom,Case=Abl|Numb=Sing
maerente,maereo,VER,Case=Abl|Numb=Sing|Gend=Com|Mood=Par|Tense=Pres|Voice=Act
Frigentumque,frigentum,NOMpro,Case=Gen|Numb=Sing|Deg=Pos|Mood=Par|Tense=Pres|Voice=Act
{Frigentumque},que,CON,MORPH=empty
dehinc,dehinc,ADV,Deg=Pos
tumulantur,tumulo,VER,Numb=Plur|Mood=Ind|Tense=Pres|Voice=Dep|Person=3
membra,membrum,NOMcom,Case=Nom|Numb=Plur
sepulchro,sepulcrum,NOMcom,Case=Abl|Numb=Sing
Mox,mox,ADV,Deg=Pos
tamen,tamen,ADV,Deg=Pos
abstinuit,abstineo,VER,Numb=Sing|Mood=Ind|Tense=Perf|Voice=Act|Person=3
genitor,genitor,NOMcom,Case=Nom|Numb=Sing
lugere,lugeo,VER,Mood=Inf|Tense=Pres|Voice=Act
sepultos,sepelio,VER,Case=Acc|Numb=Plur|Gend=Masc|Mood=Par|Tense=Perf|Voice=Pass
Germanique,Germanus,NOMpro,Case=Gen|Numb=Plur
{Germanique},que,CON,MORPH=empty
omnes,omnis,PROind,Case=Nom|Numb=Plur|Gend=MascFem
fletum,fletus,NOMcom,Case=Acc|Numb=Sing
prohibente,prohibeo,VER,Case=Abl|Numb=Sing|Gend=Com|Mood=Par|Tense=Pres|Voice=Act
propheta,propheta,NOMcom,Case=Abl|Numb=Sing
Qui,qui1,PROrel,Case=Nom|Numb=Sing|Gend=Masc
populo,populus1,NOMcom,Case=Dat|Numb=Sing
permissus,permitto,VER,Case=Nom|Numb=Sing|Gend=Masc|Mood=Par|Tense=Perf|Voice=Pass
erat,sum1,VER,Numb=Sing|Mood=Ind|Tense=Impa|Voice=Act|Person=3
namque,namque,CONcoo,MORPH=empty
igneus,igneus,ADJqua,Case=Nom|Numb=Sing|Gend=Masc|Deg=Pos
ardor,ardor,NOMcom,Case=Nom|Numb=Sing
Caelesti,caelestis,ADJqua,Case=Abl|Numb=Sing|Gend=Com|Deg=Pos
de,de,PRE,MORPH=empty
sede,sedes,NOMcom,Case=Abl|Numb=Sing
uolans,uolo2,VER,Case=Nom|Numb=Sing|Gend=Com|Mood=Par|Tense=Pres|Voice=Act
concusserat,concutio,VER,Numb=Sing|Mood=Ind|Tense=Pqp|Voice=Act|Person=3
omnes,omnis,PROind,Case=Acc|Numb=Plur|Gend=MascFem
Inserto,insero2,VER,Case=Abl|Numb=Sing|Gend=MascNeut|Mood=Par|Tense=Perf|Voice=Pass
terrore,terror,NOMcom,Case=Abl|Numb=Sing
uiros,uir,NOMcom,Case=Acc|Numb=Plur
palamque,palam,ADV,Deg=Pos
{palamque},que,CON,MORPH=empty
uidebant,uideo,VER,Numb=Plur|Mood=Ind|Tense=Impa|Voice=Act|Person=3
Temnendum,temno,VER,Case=Acc|Numb=Sing|Gend=MascNeut|Mood=Adj|Voice=Pass
non,non,ADVneg,MORPH=empty
esse,sum1,VER,Mood=Inf|Tense=Pres|Voice=Act
deum,deus,NOMcom,Case=Gen|Numb=Sing
qui,qui1,PROrel,Case=Nom|Numb=Sing|Gend=Masc
non,non,ADVneg,MORPH=empty
foret,sum1,VER,Numb=Sing|Mood=Par|Tense=Fut|Voice=Act
absens,absum1,VER,Case=Nom|Numb=Sing|Gend=Com
Haec,hic1,PROdem,Case=Acc|Numb=Plur|Gend=Neut
inter,inter,PRE,MORPH=empty
domini,dominus,NOMcom,Case=Gen|Numb=Sing
cognoscit,cognosco,VER,Numb=Sing|Mood=Ind|Tense=Pres|Voice=Act|Person=3
uoce,uox,NOMcom,Case=Abl|Numb=Sing
sacerdos,sacerdos,NOMcom,Case=Nom|Numb=Sing
Vina,uinum,NOMcom,Case=Acc|Numb=Plur
negata,nego,VER,Case=Acc|Numb=Plur|Gend=Neut|Mood=Par|Tense=Perf|Voice=Pass
sibi,sui1,PROref,Case=Dat|Numb=Sing
mellitaque,mellitus,ADJqua,Case=Acc|Numb=Plur|Gend=Neut|Mood=Par|Tense=Perf|Voice=Dep
{mellitaque},que,CON,MORPH=empty
sicera,sicer,ADJqua,Case=Acc|Numb=Plur
natis,natus1,NOMcom,Case=Dat|Numb=Plur
Ne,ne4,CONsub,MORPH=empty
quando,quando3,CONsub,Deg=Pos
dominum,dominus,NOMcom,Case=Acc|Numb=Sing
positas,pono,VER,Case=Acc|Numb=Plur|Gend=Fem|Mood=Par|Tense=Perf|Voice=Pass
uenerentur,ueneror,VER,Numb=Plur|Mood=Sub|Tense=Pres|Voice=Dep|Person=3
ad,ad2,PRE,MORPH=empty
aras,ara,NOMcom,Case=Acc|Numb=Plur
Halitus,Halitus,NOMpro,Case=Nom|Numb=Sing
offendat,offendo,VER,Numb=Sing|Mood=Sub|Tense=Pres|Voice=Act|Person=3
uinoso,uinosus,ADJqua,Case=Abl|Numb=Sing|Gend=MascNeut|Deg=Pos
ex,ex,PRE,MORPH=empty
pectore,pectus,NOMcom,Case=Abl|Numb=Sing
missus,mitto,VER,Case=Nom|Numb=Sing|Gend=Masc|Mood=Par|Tense=Perf|Voice=Pass
Communis,communis,ADJqua,Case=Nom|Numb=Sing|Gend=MascFem|Deg=Pos
populo,populus1,NOMcom,Case=Dat|Numb=Sing
distinguit,distinguo,VER,Numb=Sing|Mood=Ind|Tense=Pres|Voice=Act|Person=3
regula,regula,NOMcom,Case=Abl|Numb=Sing
uictus,uictus,NOMcom,Case=Nom|Numb=Sing|Mood=Par|Tense=Perf|Voice=Pass
Et,et2,CONcoo,MORPH=empty
quid,quis1,PROint,Case=Acc|Numb=Sing|Gend=Neut
uel,uel2,CONcoo,MORPH=empty
liceat,licet1,VER,Numb=Sing|Mood=Sub|Tense=Pres|Voice=Act|Person=3
uel,uel2,CONcoo,MORPH=empty
fas,fas,NOMcom,Case=Ind
adsumere,assumo,VER,Mood=Inf|Tense=Pres|Voice=Act
non,non,ADVneg,MORPH=empty
sit,sum1,VER,Numb=Sing|Mood=Sub|Tense=Pres|Voice=Act|Person=3
Eloquitur,eloquor,VER,Numb=Sing|Mood=Ind|Tense=Pres|Voice=Dep|Person=3
quem,qui1,PROrel,Case=Acc|Numb=Sing|Gend=Masc
nostra,noster,PROpos,Case=Nom|Numb=Plur|Gend=Neut
etiam,etiam,ADV,Deg=Pos
conuiuia,conuiuium,NOMcom,Case=Nom|Numb=Plur
morem,mos,NOMcom,Case=Acc|Numb=Sing
Caelesti,caelestis,ADJqua,Case=Abl|Numb=Sing|Gend=Com|Deg=Pos
sub,sub,PRE,MORPH=empty
lege,lex,NOMcom,Case=Abl|Numb=Sing
tenent,teneo,VER,Numb=Plur|Mood=Ind|Tense=Pres|Voice=Act|Person=3
ne,ne4,CONsub,MORPH=empty
uultur,uultur,NOMcom,Case=Nom|Numb=Sing
in,in,PRE,MORPH=empty
escis,esca,NOMcom,Case=Abl|Numb=Plur
Aut,aut,CONcoo,MORPH=empty
coruus,coruus,NOMcom,Case=Nom|Numb=Sing
picaue,pica,ADJqua,Case=Nom|Numb=Sing
{picaue},ue,CON,MORPH=empty
fiant,fio,VER,Numb=Plur|Mood=Sub|Tense=Pres|Voice=Act|Person=3
neu,neue1,CONcoo,MORPH=empty
buteo,buteus,NOMcom,Case=Abl|Numb=Sing
furuus,furuus,ADJqua,Case=Nom|Numb=Sing|Gend=Masc|Deg=Pos
Accipiterue,Accipiter,NOMcom,Case=Nom|Numb=Sing|Mood=Sub|Tense=Pres|Voice=Pass
{Accipiterue},ue,CON,MORPH=empty
sagax,sagax,ADJqua,Case=Nom|Numb=Sing|Gend=Com|Deg=Pos
aut,aut,CONcoo,MORPH=empty
ore,os1,NOMcom,Case=Abl|Numb=Sing
miluus,miluus,NOMcom,Case=Nom|Numb=Sing
unco,uncus2,ADJqua,Case=Abl|Numb=Sing
Et,et2,CONcoo,MORPH=empty
quae,qui1,PROrel,Case=Acc|Numb=Sing|Gend=Fem
difficile,difficilis,ADJqua,Case=Nom|Numb=Sing|Gend=Neut|Deg=Pos
est,sum1,VER,Numb=Sing|Mood=Ind|Tense=Pres|Voice=Act|Person=3
metato,metor,VER,Case=Abl|Numb=Sing|Gend=MascNeut|Mood=Par|Tense=Perf|Voice=Dep
edicere,edico2,VER,Mood=Inf|Tense=Pres|Voice=Act
uersu,uersus1,NOMcom,Case=Abl|Numb=Sing
Ne,ne4,CONsub,MORPH=empty
quae,qui2,PROind,Case=Nom|Numb=Plur|Gend=Neut
munda,mundus2,ADJqua,Case=Nom|Numb=Plur|Gend=Neut|Deg=Pos
parum,parum2,ADV,Deg=Pos
congesta,congero2,VER,Case=Nom|Numb=Plur|Gend=Neut|Mood=Par|Tense=Perf|Voice=Pass
in,in,PRE,MORPH=empty
pectore,pectus,NOMcom,Case=Abl|Numb=Sing
sidunt,sido,VER,Numb=Plur|Mood=Ind|Tense=Pres|Voice=Act|Person=3
Innocuas,innocuus,ADJqua,Case=Acc|Numb=Plur|Gend=Fem|Deg=Pos
tactu,tactus,NOMcom,Case=Abl|Numb=Sing
faciant,facio,VER,Numb=Plur|Mood=Sub|Tense=Pres|Voice=Act|Person=3
sordescere,sordesco,VER,Mood=Inf|Tense=Pres|Voice=Act
fibras,fibra,NOMcom,Case=Acc|Numb=Plur
Femina,femina,NOMcom,Case=Nom|Numb=Sing
quae,qui1,PROrel,Case=Nom|Numb=Sing|Gend=Fem
licito,licito,VER,Case=Abl|Numb=Sing|Gend=MascNeut
uacuatur,uacuo1,VER,Numb=Sing|Mood=Ind|Tense=Pres|Voice=Pass|Person=3
uiscera,uiscus2,NOMcom,Case=Acc|Numb=Plur
partu,partus1,NOMcom,Case=Abl|Numb=Sing
Si,si2,CONsub,MORPH=empty
puerum,puer,NOMcom,Case=Acc|Numb=Sing
generat,genero,VER,Numb=Sing|Mood=Ind|Tense=Pres|Voice=Act|Person=3
septeno,septenus,ADJord,Case=Abl|Numb=Sing|Gend=MascNeut
in,in,PRE,MORPH=empty
lumine,lumen,NOMcom,Case=Abl|Numb=Sing
sordet,sordeo,VER,Numb=Sing|Mood=Ind|Tense=Pres|Voice=Act|Person=3
Corpore,corpus,NOMcom,Case=Abl|Numb=Sing
cum,cum2,PRE,MORPH=empty
toto,totus,PROind,Case=Abl|Numb=Sing|Gend=MascNeut
sed,sed,CONcoo,MORPH=empty
cum,cum3,CONsub,MORPH=empty
se,sui1,PROref,Case=Acc|Numb=Sing
uerterit,uerto,VER,Numb=Sing|Mood=Ind|Tense=FutAnt|Voice=Act|Person=3
axis,axis,NOMcom,Case=Nom|Numb=Sing
Octauus,octauus,ADJord,Case=Nom|Numb=Sing|Gend=Masc|Deg=Pos
quo,quo1,ADVrel,MORPH=empty
sollemne,sollemnis,ADJqua,Case=Nom|Numb=Sing|Gend=Neut|Deg=Pos
est,sum1,VER,Numb=Sing|Mood=Ind|Tense=Pres|Voice=Act|Person=3
truncare,trunco,VER,Mood=Inf|Tense=Pres|Voice=Act
pudenda,pudendus,ADJqua,Case=Nom|Numb=Sing|Gend=Fem|Deg=Pos
Pelliculam,pellicula,NOMcom,Case=Acc|Numb=Sing
demet,demo,VER,Numb=Sing|Mood=Ind|Tense=Fut|Voice=Act|Person=3
ueretri,ueretrum,NOMcom,Case=Gen|Numb=Sing
atque,atque1,CONcoo,MORPH=empty
inde,inde,ADV,Deg=Pos
sedebit,sedeo,VER,Numb=Sing|Mood=Ind|Tense=Fut|Voice=Act|Person=3
Ter,ter,ADJadv.mul,MORPH=empty
denis,denus,ADJdis,Case=Abl|Numb=Plur|Gend=Com
tribusque,tres,ADJcar,Case=Abl|Numb=Plur|Gend=Com
{tribusque},que,CON,MORPH=empty
dehinc,dehinc,ADV,Deg=Pos
iam,iam,ADV,Deg=Pos
feta,fetus2,ADJqua,Case=Nom|Numb=Sing|Gend=Fem|Deg=Pos
diebus,dies,NOMcom,Case=Abl|Numb=Plur
Ne,ne4,CONsub,MORPH=empty
quae,qui1,PROind,Case=Nom|Numb=Plur|Gend=Neut
sanctificis,sanctificus,ADJqua,Case=Abl|Numb=Sing|Gend=Com
adolentur,adoleo,VER,Numb=Plur|Mood=Ind|Tense=Pres|Voice=Pass|Person=3
cultibus,cultus1,NOMcom,Case=Abl|Numb=Plur
audax,audax,ADJqua,Case=Nom|Numb=Sing|Gend=Com|Deg=Pos
Polluat,polluo,VER,Numb=Sing|Mood=Sub|Tense=Pres|Voice=Act|Person=3
aut,aut,CONcoo,MORPH=empty
uisu,uideo,NOMcom,Case=Abl|Numb=Sing
aut,aut,CONcoo,MORPH=empty
foedo,foedus2,ADJqua,Case=Abl|Numb=Sing|Gend=MascNeut|Deg=Pos
altaria,altar,NOMcom,Case=Acc|Numb=Plur
tactu,tactus,NOMcom,Case=Abl|Numb=Sing
Quodsi,quodsum,ADVrel,Numb=Sing|Gend=MascNeut
concepta,concipio,VER,Case=Acc|Numb=Plur|Gend=Neut|Mood=Par|Tense=Perf|Voice=Pass
laxarit,laxo,VER,Numb=Sing|Mood=Ind|Tense=FutAnt|Voice=Act|Person=3
membra,membrum,NOMcom,Case=Acc|Numb=Plur
puellae,puella,NOMcom,Case=Gen|Numb=Sing
Obseruans,obseruo,VER,Case=Nom|Numb=Sing|Gend=Com|Mood=Par|Tense=Pres|Voice=Act
geminum,geminus,ADJqua,Case=Acc|Numb=Sing|Gend=MascNeut|Deg=Pos
tempus,tempus1,NOMcom,Case=Acc|Numb=Sing
nil,nihil,PROind,Case=Ind
fraudis,fraus,NOMcom,Case=Gen|Numb=Sing
habebit,habeo,VER,Numb=Sing|Mood=Ind|Tense=Fut|Voice=Act|Person=3
Quo,qui1,PROrel,Case=Abl|Numb=Sing|Gend=MascNeut
deinde,deinde,ADV,Deg=Pos
expleto,expleo,VER,Case=Abl|Numb=Sing|Gend=MascNeut|Mood=Par|Tense=Perf|Voice=Pass
confestim,confestim,ADV,Deg=Pos
dona,donum,NOMcom,Case=Acc|Numb=Plur
uouebit,uoueo,VER,Numb=Sing|Mood=Ind|Tense=Fut|Voice=Act|Person=3
Turtures,Turtures,NOMpro,Case=Acc|Numb=Plur
aut,aut,CONcoo,MORPH=empty
geminos,geminus,ADJqua,Case=Acc|Numb=Plur|Gend=Masc|Deg=Pos
similes,similis,ADJqua,Case=Acc|Numb=Plur|Gend=MascFem|Deg=Pos
aut,aut,CONcoo,MORPH=empty
terga,tergum,NOMcom,Case=Acc|Numb=Plur
columbas,columba,NOMcom,Case=Acc|Numb=Plur
Aut,aut,CONcoo,MORPH=empty
grege,grex,NOMcom,Case=Abl|Numb=Sing
de,de,PRE,MORPH=empty
molli,mollis,ADJqua,Case=Abl|Numb=Sing|Gend=Com|Deg=Pos
candentis,candens,ADJqua,Case=Gen|Numb=Plur|Gend=Com|Mood=Par|Tense=Pres|Voice=Act
uelleris,uellus,NOMcom,Case=Gen|Numb=Sing
agnum,agnus,NOMcom,Case=Acc|Numb=Sing
Vt,ut4,CONsub,MORPH=empty
saniem,sanies,NOMcom,Case=Acc|Numb=Sing
precibus,prex,NOMcom,Case=Abl|Numb=Plur
ualeat,ualeo,VER,Numb=Sing|Mood=Sub|Tense=Pres|Voice=Act|Person=3
cohibere,cohibeo,VER,Mood=Inf|Tense=Pres|Voice=Act
sacerdos,sacerdos,NOMcom,Case=Nom|Numb=Sing
Morborum,morbus,NOMcom,Case=Gen|Numb=Plur
quoque,quoque,ADV,Deg=Pos
effigies,effigies,NOMcom,Case=Nom|Numb=Plur
et,et2,CONcoo,MORPH=empty
signa,signum,NOMcom,Case=Nom|Numb=Plur
docentur,doceo,VER,Numb=Plur|Mood=Ind|Tense=Pres|Voice=Pass|Person=3
Dumtaxat,dumtaxat,ADV,Deg=Pos
quos,qui1,PROrel,Case=Acc|Numb=Plur|Gend=Masc
lepra,lepra,NOMcom,Case=Nom|Numb=Sing
creat,creo,VER,Numb=Sing|Mood=Ind|Tense=Pres|Voice=Act|Person=3
quae,qui1,PROrel,Case=Nom|Numb=Sing|Gend=Fem
corpore,corpus,NOMcom,Case=Abl|Numb=Sing
toto,totus,PROind,Case=Abl|Numb=Sing|Gend=MascNeut
Lutea,luteus2,ADJqua,Case=Acc|Numb=Plur|Gend=Neut|Deg=Pos
pallenti,pallens,ADJqua,Case=Abl|Numb=Sing|Gend=Com|Deg=Pos
perfundit,perfundo2,VER,Numb=Sing|Mood=Ind|Tense=Pres|Voice=Act|Person=3
uiscera,uiscus2,NOMcom,Case=Acc|Numb=Plur
tabo,tabum,NOMcom,Case=Abl|Numb=Sing
Albentemque,albeo,ADJqua,Case=Acc|Numb=Sing|Gend=MascFem|Mood=Par|Tense=Pres|Voice=Act
{Albentemque},que,CON,MORPH=empty
cutem,cutis,NOMcom,Case=Acc|Numb=Sing
maculis,macula,NOMcom,Case=Abl|Numb=Plur
feralibus,feralis,ADJqua,Case=Abl|Numb=Plur|Gend=Com|Deg=Pos
implet,impleo,VER,Numb=Sing|Mood=Ind|Tense=Pres|Voice=Act|Person=3
Vt,ut4,CONsub,MORPH=empty
quia,quia,CONsub,MORPH=empty
per,per,PRE,MORPH=empty
domini,dominus,NOMcom,Case=Gen|Numb=Sing
nonnumquam,nonnumquam,ADV,Deg=Pos
exaestuat,exaestuo,VER,Numb=Sing|Mood=Ind|Tense=Pres|Voice=Act|Person=3
iram,ira,NOMcom,Case=Acc|Numb=Sing
Hoc,hic1,PROdem,Case=Abl|Numb=Sing|Gend=MascNeut
medicante,medico,VER,Case=Abl|Numb=Sing|Gend=Com|Mood=Par|Tense=Pres|Voice=Act
fugam,fuga,NOMcom,Case=Acc|Numb=Sing
capiat,capio2,VER,Numb=Sing|Mood=Sub|Tense=Pres|Voice=Act|Person=3
corpusque,corpus,NOMcom,Case=Acc|Numb=Sing
{corpusque},que,CON,MORPH=empty
relinquat,relinquo,VER,Numb=Sing|Mood=Sub|Tense=Pres|Voice=Act|Person=3
Orantis,oro,VER,Case=Gen|Numb=Sing|Gend=Com|Mood=Par|Tense=Pres|Voice=Act
pro,pro1,PRE,MORPH=empty
noxa,noxa,NOMcom,Case=Abl|Numb=Sing
uiri,uir,NOMcom,Case=Gen|Numb=Sing
munusque,munus,NOMcom,Case=Acc|Numb=Sing
{munusque},que,CON,MORPH=empty
ferentis,fero,VER,Case=Gen|Numb=Sing|Gend=Com|Mood=Par|Tense=Pres|Voice=Act
Paupertas,paupertas,NOMcom,Case=Nom|Numb=Sing
quod,quod1,PROrel,Case=Acc|Numb=Sing|Gend=Neut
praestat,praesto1,VER,Numb=Sing|Mood=Ind|Tense=Pres|Voice=Act|Person=3
ouans,ouo,VER,Case=Nom|Numb=Sing|Gend=Com|Mood=Par|Tense=Pres|Voice=Act
quae,qui1,PROrel,Case=Nom|Numb=Sing|Gend=Fem
uincere,uinco,VER,Mood=Inf|Tense=Pres|Voice=Act
dites,diues,ADJqua,Case=Acc|Numb=Plur|Gend=MascFem|Deg=Pos
Saepe,saepe,ADV,Deg=Pos
solet,soleo,VER,Numb=Sing|Mood=Ind|Tense=Pres|Voice=SemDep|Person=3
dominus,dominus,NOMcom,Case=Nom|Numb=Sing
uotum,uotum,NOMcom,Case=Acc|Numb=Sing
quia,quia,CONsub,MORPH=empty
simplicis,simplex,ADJmul,Case=Nom|Numb=Sing|Gend=Com|Deg=Pos
haurit,haurio,VER,Numb=Sing|Mood=Ind|Tense=Pres|Voice=Act|Person=3
Nec,nec2,CONcoo,MORPH=empty
grandis,grandis,ADJqua,Case=Nom|Numb=Sing|Gend=MascFem|Deg=Pos
inpensa,impensa,NOMcom,Case=Nom|Numb=Sing
tamen,tamen,ADV,Deg=Pos
praestanda,praesto1,VER,Case=Nom|Numb=Plur|Gend=Fem|Mood=Adj|Voice=Pass
medendi,medeor,VER,Case=Gen|Numb=Sing|Mood=Ger|Voice=Dep
Nam,nam,CONcoo,MORPH=empty
pullos,pullus1,NOMcom,Case=Acc|Numb=Plur
offerre,offero,VER,Mood=Inf|Tense=Pres|Voice=Act
duos,duo,ADJcar,Case=Acc|Numb=Plur|Gend=Masc
agnosque,agnus,NOMcom,Case=Acc|Numb=Plur
{agnosque},que,CON,MORPH=empty
gemellos,gemellus2,ADJqua,Case=Acc|Numb=Plur|Gend=Masc|Deg=Pos
Vt,ut4,CONsub,MORPH=empty
uitulo,uitulus,NOMcom,Case=Abl|Numb=Sing
coniungat,coniungo,VER,Numb=Sing|Mood=Sub|Tense=Pres|Voice=Act|Person=3
ouem,ouis,NOMcom,Case=Acc|Numb=Sing
ius,ius1,NOMcom,Case=Acc|Numb=Sing
praecipit,praecipio,VER,Numb=Sing|Mood=Ind|Tense=Pres|Voice=Act|Person=3
omne,omnis,PROind,Case=Acc|Numb=Sing|Gend=Neut
Polline,pollen,NOMpro,Case=Abl|Numb=Sing
cum,cum3,CONsub,MORPH=empty
tenui,tenuis,ADJqua,Case=Abl|Numb=Sing|Gend=Com|Deg=Pos
quam,quam1,ADVrel,Case=Acc|Gend=Fem
sparsit,spargo2,VER,Numb=Sing|Mood=Ind|Tense=Perf|Voice=Act|Person=3
riuus,riuus,NOMcom,Case=Nom|Numb=Sing
oliui,oliuum,NOMcom,Case=Gen|Numb=Sing
Haec,hic1,PROdem,Case=Nom|Numb=Sing|Gend=Fem
diues,diues,ADJqua,Case=Nom|Numb=Sing|Gend=Com|Deg=Pos
offerre,offero,VER,Mood=Inf|Tense=Pres|Voice=Act
potest,possum1,VER,Numb=Sing|Mood=Ind|Tense=Pres|Voice=Act|Person=3
sed,sed,CONcoo,MORPH=empty
munera,munus,NOMcom,Case=Nom|Numb=Plur
paruum,paruus2,ADJqua,Case=Acc|Numb=Sing|Gend=MascNeut|Deg=Pos
Parua,paruus2,ADJqua,Case=Nom|Numb=Plur|Gend=Neut|Deg=Pos
manent,maneo,VER,Numb=Plur|Mood=Ind|Tense=Pres|Voice=Act|Person=3
namque,namque,CONcoo,MORPH=empty
aut,aut,CONcoo,MORPH=empty
uitulum,uitulus,NOMcom,Case=Acc|Numb=Sing
mactabit,macto,VER,Numb=Sing|Mood=Ind|Tense=Fut|Voice=Act|Person=3
ad,ad2,PRE,MORPH=empty
aram,ara,NOMcom,Case=Acc|Numb=Sing
Qui,qui1,PROrel,Case=Nom|Numb=Sing|Gend=Masc
uiget,uigeo,VER,Numb=Sing|Mood=Ind|Tense=Pres|Voice=Act|Person=3
explicito,explico,VER,Numb=Sing|Gend=MascNeut|Mood=Imp|Tense=Fut|Voice=Act
bis,bis,ADJadv.mul,MORPH=empty
senis,senex1,ADJdis,Case=Gen|Numb=Sing|Gend=Com
mensibus,mensis,NOMcom,Case=Abl|Numb=Plur
anno,annus,NOMcom,Case=Abl|Numb=Sing
Et,et2,CONcoo,MORPH=empty
quiddam,quidam,PROind,Case=Nom|Numb=Sing|Gend=Neut
de,de,PRE,MORPH=empty
farre,far,NOMcom,Case=Abl|Numb=Sing
pio,pius,ADJqua,Case=Abl|Numb=Sing|Gend=MascNeut|Deg=Pos
quod,qui1,PROrel,Case=Acc|Numb=Sing|Gend=Neut
miscet,misceo,VER,Numb=Sing|Mood=Ind|Tense=Pres|Voice=Act|Person=3
oliuo,oliuum,NOMcom,Case=Abl|Numb=Sing
Turtures,Turtures,NOMpro,Case=Acc|Numb=Plur
aut,aut,CONcoo,MORPH=empty
geminos,geminus,ADJqua,Case=Acc|Numb=Plur|Gend=Masc|Deg=Pos
similes,similis,ADJqua,Case=Acc|Numb=Plur|Gend=MascFem|Deg=Pos
aut,aut,CONcoo,MORPH=empty
forte,forte,ADV,Deg=Pos
columbas,columba,NOMcom,Case=Acc|Numb=Plur
Quin,quin1,ADV,Deg=Pos
etiam,etiam,ADV,Deg=Pos
somnos,somnus,NOMcom,Case=Acc|Numb=Plur
hominum,homo,NOMcom,Case=Gen|Numb=Plur
quia,quia,CONsub,MORPH=empty
saepe,saepe,ADV,Deg=Pos
uoluptas,uoluptas,NOMcom,Case=Nom|Numb=Sing
Per,per,PRE,MORPH=empty
noctem,nox,NOMcom,Case=Acc|Numb=Sing
deludit,deludo,VER,Numb=Sing|Mood=Ind|Tense=Pres|Voice=Act|Person=3
iners,iners,ADJqua,Case=Nom|Numb=Sing|Gend=Com|Deg=Pos
si,si2,CONsub,MORPH=empty
forte,forte,ADV,Deg=Pos
ueretro,ueretrum,NOMcom,Case=Abl|Numb=Sing
Semina,semen1,NOMcom,Case=Nom|Numb=Plur
destillant,destillo,VER,Numb=Plur|Mood=Ind|Tense=Pres|Voice=Act|Person=3
fit,fio,VER,Numb=Sing|Mood=Ind|Tense=Pres|Voice=Act|Person=3
corpus,corpus,NOMcom,Case=Nom|Numb=Sing
turpe,turpis,ADJqua,Case=Nom|Numb=Sing|Gend=Neut|Deg=Pos
iacentum,iaceo,VER,Case=Gen|Numb=Sing|Mood=Par|Tense=Pres|Voice=Act
Inmundumque,immundus,ADJqua,Case=Nom|Numb=Sing|Gend=Neut|Deg=Pos
{Inmundumque},que,CON,MORPH=empty
manet,maneo,VER,Numb=Sing|Mood=Ind|Tense=Pres|Voice=Act|Person=3
donec,donec,CONsub,MORPH=empty
iam,iam,ADV,Deg=Pos
uesper,Uesper,NOMcom,Case=Nom|Numb=Sing
ab,ab,PRE,MORPH=empty
aethra,aethra,NOMcom,Case=Abl|Numb=Sing
Conspicuus,conspicuus,ADJqua,Case=Nom|Numb=Sing|Gend=Masc|Deg=Pos
laeto,laetus2,ADJqua,Case=Abl|Numb=Sing|Gend=MascNeut|Deg=Pos
praecedat,praecedo1,VER,Numb=Sing|Mood=Sub|Tense=Pres|Voice=Act|Person=3
lumine,lumen,NOMcom,Case=Abl|Numb=Sing
noctem,nox,NOMcom,Case=Acc|Numb=Sing
Nec,nec2,CONcoo,MORPH=empty
solum,solum2,ADV,Deg=Pos
foedo,foedus2,ADJqua,Case=Abl|Numb=Sing|Gend=MascNeut|Deg=Pos
deturpant,deturpo,VER,Numb=Plur|Mood=Ind|Tense=Pres|Voice=Act|Person=3
corpora,corpus,NOMcom,Case=Nom|Numb=Plur
naeuo,naeuus,NOMcom,Case=Abl|Numb=Sing
Sed,sed,CONcoo,MORPH=empty
quidquid,quisquis1,PROrel,Case=Nom|Numb=Sing|Gend=Neut
contingit,contingo1,VER,Numb=Sing|Mood=Ind|Tense=Pres|Voice=Act|Person=3
agens,ago,VER,Case=Nom|Numb=Sing|Gend=Com|Mood=Par|Tense=Pres|Voice=Act
quem,qui1,PROrel,Case=Acc|Numb=Sing|Gend=Masc
somnia,somnium,NOMcom,Case=Nom|Numb=Plur
fuscant,fusco,VER,Numb=Plur|Mood=Ind|Tense=Pres|Voice=Act|Person=3
Id,is,PROdem,Case=Nom|Numb=Sing|Gend=Neut
propter,propter2,PRE,MORPH=empty
fluuio,fluuius,NOMcom,Case=Dat|Numb=Sing
fas,fas,NOMcom,Case=Ind
est,sum1,VER,Numb=Sing|Mood=Ind|Tense=Pres|Voice=Act|Person=3
perfundere,perfundo2,VER,Mood=Inf|Tense=Pres|Voice=Act
membra,membrum,NOMcom,Case=Acc|Numb=Plur
Puritas,puritas,NOMcom,Case=Nom|Numb=Sing
ut,ut4,CONsub,MORPH=empty
redeat,redeo1,VER,Numb=Sing|Mood=Sub|Tense=Pres|Voice=Act|Person=3
propere,propere,ADV,Deg=Pos
cessante,cesso,VER,Case=Abl|Numb=Sing|Gend=Com|Mood=Par|Tense=Pres|Voice=Act
reatu,reatus,NOMcom,Case=Abl|Numb=Sing
Testea,testea,ADJqua,Case=Nom|Numb=Sing
quin,quin1,ADV,Deg=Pos
etiam,etiam,ADV,Deg=Pos
ius,ius1,NOMcom,Case=Nom|Numb=Sing
est,sum1,VER,Numb=Sing|Mood=Ind|Tense=Pres|Voice=Act|Person=3
perfringere,perfringo,VER,Mood=Inf|Tense=Pres|Voice=Act
uasa,uas2,NOMcom,Case=Acc|Numb=Plur
Contactu,contactus,NOMcom,Case=Abl|Numb=Sing
maculata,maculo,VER,Case=Acc|Numb=Plur|Gend=Neut|Mood=Par|Tense=Perf|Voice=Pass
uiri,uir,NOMcom,Case=Gen|Numb=Sing
at,at2,CONcoo,MORPH=empty
facta,facio,VER,Case=Acc|Numb=Sing|Gend=Fem|Mood=Par|Tense=Perf|Voice=Pass
metallo,metallum,NOMcom,Case=Abl|Numb=Sing
Diluere,diluo,VER,Mood=Inf|Tense=Pres|Voice=Act
ac,ac1,CONcoo,MORPH=empty
uitreo,uitreus,ADJqua,Case=Abl|Numb=Sing|Gend=MascNeut|Deg=Pos
sordes,sordes,NOMcom,Case=Acc|Numb=Plur
deducere,deduco,VER,Mood=Inf|Tense=Pres|Voice=Act
riuo,riuus,NOMcom,Case=Abl|Numb=Sing
Hac,hic1,PROdem,Case=Abl|Numb=Sing|Gend=Fem
etiam,etiam,ADV,Deg=Pos
liciti,licet1,VER,Case=Nom|Numb=Plur|Gend=Masc|Mood=Par|Tense=Perf|Voice=Pass
coitus,coitus,NOMcom,Case=Nom|Numb=Plur
sub,sub,PRE,MORPH=empty
lege,lex,NOMcom,Case=Abl|Numb=Sing
piantur,pio,VER,Numb=Plur|Mood=Ind|Tense=Pres|Voice=Pass|Person=3
Ilicet,ilicet,ADV,Deg=Pos
exutis,exuo,VER,Case=Abl|Numb=Plur|Gend=Com|Mood=Par|Tense=Perf|Voice=Pass
membrorum,membrum,NOMcom,Case=Gen|Numb=Plur
labe,labes,NOMcom,Case=Abl|Numb=Sing
molesta,molestus,ADJqua,Case=Abl|Numb=Sing|Gend=Fem|Deg=Pos
Antistes,Antistes,NOMpro,Case=Nom|Numb=Sing
praestabit,praesto1,VER,Numb=Sing|Mood=Ind|Tense=Fut|Voice=Act|Person=3
opem,ops,NOMcom,Case=Acc|Numb=Sing
cum,cum3,CONsub,MORPH=empty
sole,sol,NOMcom,Case=Abl|Numb=Sing
reuerso,reuertor,VER,Case=Abl|Numb=Sing|Gend=MascNeut|Mood=Par|Tense=Perf|Voice=Dep
Septima,septimus,ADJord,Case=Nom|Numb=Sing|Gend=Fem|Deg=Pos
puniceis,puniceus,ADJqua,Case=Abl|Numb=Plur|Gend=Com|Deg=Pos
aurora,aurora,NOMcom,Case=Nom|Numb=Sing
eluxerit,eluceo,VER,Numb=Sing|Mood=Sub|Tense=Perf|Voice=Act|Person=3
astris,astrum,NOMcom,Case=Abl|Numb=Plur
Turture,Turtur,NOMpro,Case=Abl|Numb=Sing
si,si2,CONsub,MORPH=empty
gemino,geminus,ADJqua,Case=Abl|Numb=Sing|Gend=MascNeut|Deg=Pos
ueniat,uenio,VER,Numb=Sing|Mood=Sub|Tense=Pres|Voice=Act|Person=3
subnixus,subnitor2,ADJqua,Case=Nom|Numb=Sing|Gend=Masc|Deg=Pos
ad,ad2,PRE,MORPH=empty
aram,ara,NOMcom,Case=Acc|Numb=Sing
Peccati,peccatum,NOMcom,Case=Gen|Numb=Sing
uotique,uotum,NOMcom,Case=Gen|Numb=Sing
{uotique},que,CON,MORPH=empty
reus,reus,NOMcom,Case=Nom|Numb=Sing
paribusque,par,ADJqua,Case=Abl|Numb=Plur|Gend=Com|Deg=Pos
{paribusque},que,CON,MORPH=empty
columbis,columba,NOMcom,Case=Abl|Numb=Plur
Femina,femina,NOMcom,Case=Nom|Numb=Sing
decurso,decurro,VER,Case=Abl|Numb=Sing|Gend=MascNeut|Mood=Par|Tense=Perf|Voice=Pass
quae,qui1,PROrel,Case=Nom|Numb=Sing|Gend=Fem
fit,fio,VER,Numb=Sing|Mood=Ind|Tense=Pres|Voice=Act|Person=3
iam,iam,ADV,Deg=Pos
menstrua,menstruus,ADJqua,Case=Nom|Numb=Sing|Gend=Fem|Deg=Pos
mense,mensis,NOMcom,Case=Abl|Numb=Sing
Foedatur,foedo,VER,Numb=Sing|Mood=Ind|Tense=Pres|Voice=Pass|Person=3
sanie,sanies,NOMcom,Case=Abl|Numb=Sing
madida,madidus,ADJqua,Case=Abl|Numb=Sing|Gend=Fem|Deg=Pos
quae,qui1,PROrel,Case=Nom|Numb=Sing|Gend=Fem
promitur,promo,VER,Numb=Sing|Mood=Ind|Tense=Pres|Voice=Pass|Person=3
aluo,aluus,NOMcom,Case=Dat|Numb=Sing
Et,et2,CONcoo,MORPH=empty
quidquid,quisquis1,PROrel,Case=Acc|Numb=Sing|Gend=Neut
tangit,tango,VER,Numb=Sing|Mood=Ind|Tense=Pres|Voice=Act|Person=3
maculat,maculo,VER,Numb=Sing|Mood=Ind|Tense=Pres|Voice=Act|Person=3
dum,dum2,CONsub,MORPH=empty
septimus,septimus,ADJord,Case=Nom|Numb=Sing|Gend=Masc|Deg=Pos
exit,exeo1,VER,Numb=Sing|Mood=Ind|Tense=Pres|Voice=Act|Person=3
Lucifero,Lucifer,ADJqua,Case=Abl|Numb=Sing
redeunte,redeo1,VER,Case=Abl|Numb=Sing|Gend=Com|Mood=Par|Tense=Pres|Voice=Act
dies,dies,NOMcom,Case=Nom|Numb=Sing
sin,sin,CONsub,MORPH=empty
auctius,aucte,ADV,Deg=Comp
urget,urgeo,VER,Numb=Sing|Mood=Ind|Tense=Pres|Voice=Act|Person=3
Vnda,unda,NOMcom,Case=Nom|Numb=Sing
nocens,nocens,ADJqua,Case=Nom|Numb=Sing|Gend=Com|Deg=Pos
certique,certus,ADJqua,Case=Gen|Numb=Sing|Gend=MascNeut|Deg=Pos
{certique},que,CON,MORPH=empty
abscedit,abscedo1,VER,Numb=Sing|Mood=Ind|Tense=Pres|Voice=Act|Person=3
temporis,tempus1,NOMcom,Case=Gen|Numb=Sing
ordo,ordo,NOMcom,Case=Nom|Numb=Sing
Indiscreta,indiscretus,ADJqua,Case=Nom|Numb=Sing|Gend=Fem|Deg=Pos
mali,malum1,NOMcom,Case=Gen|Numb=Sing
facies,facies,NOMcom,Case=Nom|Numb=Sing
idemque,idem,PROdem,Case=Nom|Numb=Sing|Gend=MascNeut
{idemque},que,CON,MORPH=empty
reati,reatus,VER,Case=Gen|Numb=Sing|Gend=MascNeut|Mood=Par|Tense=Perf|Voice=Dep
Finis,finis,NOMcom,Case=Nom|Numb=Sing
erit,sum1,VER,Numb=Sing|Mood=Ind|Tense=Fut|Voice=Act|Person=3
sanctam,sanctus,ADJqua,Case=Acc|Numb=Sing|Gend=Fem|Deg=Pos
si,si2,CONsub,MORPH=empty
promat,promo,VER,Numb=Sing|Mood=Sub|Tense=Pres|Voice=Act|Person=3
munus,munus,NOMcom,Case=Acc|Numb=Sing
ad,ad2,PRE,MORPH=empty
aram,ara,NOMcom,Case=Acc|Numb=Sing
Ex,ex,PRE,MORPH=empty
his,hic1,PROdem,Case=Abl|Numb=Plur|Gend=Com
quas,qui1,PROrel,Case=Acc|Numb=Plur|Gend=Fem
domino,dominus,NOMcom,Case=Dat|Numb=Sing
constat,consto,VER,Numb=Sing|Mood=Ind|Tense=Pres|Voice=Act|Person=3
placuisse,placeo,VER,Mood=Inf|Tense=Perf|Voice=Act
uolucres,uolucris,NOMcom,Case=Acc|Numb=Plur
Interea,interea,ADV,Deg=Pos
extinctis,exstinguo,VER,Case=Abl|Numb=Plur|Gend=Com|Mood=Par|Tense=Perf|Voice=Pass
merito,merito2,ADJqua,Case=Abl|Gend=MascNeut|Deg=Pos
sub,sub,PRE,MORPH=empty
crimine,crimen,NOMcom,Case=Abl|Numb=Sing
natis,natus1,NOMcom,Case=Abl|Numb=Plur
Aronis,Aron,NOMpro,Case=Gen|Numb=Sing
proceris,procerus,NOMcom,Case=Abl|Numb=Plur|Gend=Com
dominus,dominus,NOMcom,Case=Nom|Numb=Sing
haec,hic1,PROdem,Case=Acc|Numb=Plur|Gend=Fem
intimat,intimo,VER,Numb=Sing|Mood=Ind|Tense=Pres|Voice=Act|Person=3
ingens,ingens,ADJqua,Case=Nom|Numb=Sing|Gend=Com|Deg=Pos
Vt,ut4,CONsub,MORPH=empty
quia,quia,CONsub,MORPH=empty
praetentis,praetendo,VER,Case=Abl|Numb=Plur|Gend=Com
diuisa,diuido,VER,Case=Acc|Numb=Plur|Gend=Neut|Mood=Par|Tense=Perf|Voice=Pass
umbracula,umbraculum,NOMcom,Case=Acc|Numb=Plur
uelis,uelum,NOMcom,Case=Abl|Numb=Plur
Altar,altar,NOMcom,Case=Nom|Numb=Sing
habet,habeo,VER,Numb=Sing|Mood=Ind|Tense=Pres|Voice=Act|Person=3
sacraque,sacer,NOMcom,Case=Acc|Numb=Sing|Gend=Fem|Deg=Pos
{sacraque},que,CON,MORPH=empty
simul,simul1,ADV,Deg=Pos
praenubitur,praenubio,VER,Numb=Sing|Mood=Ind|Tense=Pres|Voice=Pass|Person=3
arca,arca,NOMcom,Case=Nom|Numb=Sing
Temporibus,tempus1,NOMcom,Case=Abl|Numb=Plur
certis,certus,ADJqua,Case=Abl|Numb=Plur|Gend=Com|Deg=Pos
sese,sui1,PROref,Case=Acc|Numb=Sing
referatque,refero,VER,Numb=Sing|Mood=Sub|Tense=Pres|Voice=Act|Person=3
{referatque},que,CON,MORPH=empty
locetque,loco,VER,Numb=Sing|Mood=Sub|Tense=Pres|Voice=Act|Person=3
{locetque},que,CON,MORPH=empty
Sacerdos,Sacerdos,NOMcom,Case=Nom|Numb=Sing
pia,pius,ADJqua,Case=Acc|Numb=Plur|Gend=Neut|Deg=Pos
uota,uotum,NOMcom,Case=Acc|Numb=Plur
ferens,fero,VER,Case=Nom|Numb=Sing|Gend=Com|Mood=Par|Tense=Pres|Voice=Act
quia,quia,CONsub,MORPH=empty
sanctus,sanctus,ADJqua,Case=Nom|Numb=Sing|Gend=Masc|Deg=Pos
ibidem,ibidem,ADV,Deg=Pos
Consistat,consisto,VER,Numb=Sing|Mood=Sub|Tense=Pres|Voice=Act|Person=3
dominus,dominus,NOMcom,Case=Nom|Numb=Sing
albenti,albeo,VER,Case=Abl|Numb=Sing|Gend=MascNeut|Mood=Par|Tense=Pres|Voice=Act
in,in,PRE,MORPH=empty
nube,nubes,NOMcom,Case=Abl|Numb=Sing
uidendus,uideo,VER,Case=Nom|Numb=Sing|Gend=Masc|Mood=Adj|Voice=Pass
Sic,sic,ADV,Deg=Pos
tamen,tamen,ADV,Deg=Pos
ut,ut4,CONsub,MORPH=empty
uitulum,uitulus,NOMcom,Case=Acc|Numb=Sing
proprio,proprius,ADJqua,Case=Abl|Numb=Sing|Gend=MascNeut|Deg=Pos
pro,pro1,PRE,MORPH=empty
crimine,crimen,NOMcom,Case=Abl|Numb=Sing
mactet,macto,VER,Numb=Sing|Mood=Sub|Tense=Pres|Voice=Act|Person=3
Proque,pro,PRE,MORPH=empty
{Proque},que,CON,MORPH=empty
synagoga,synagoga,NOMcom,Case=Abl|Numb=Sing
similes,similis,ADJqua,Case=Acc|Numb=Plur|Gend=MascFem|Deg=Pos
mox,mox,ADV,Deg=Pos
immolet,immolo,VER,Numb=Sing|Mood=Sub|Tense=Pres|Voice=Act|Person=3
hircos,hircus,NOMcom,Case=Acc|Numb=Plur
Sorte,sors,NOMcom,Case=Abl|Numb=Sing
sub,sub,PRE,MORPH=empty
oblata,offero,VER,Case=Abl|Numb=Sing|Gend=Fem|Mood=Par|Tense=Perf|Voice=Pass
unus,unus,ADJcar,Case=Nom|Numb=Sing|Gend=Masc
qua,qua1,ADVrel,MORPH=empty
deuius,deuius,ADJqua,Case=Nom|Numb=Sing|Gend=Masc|Deg=Pos
erret,erro2,VER,Numb=Sing|Mood=Sub|Tense=Pres|Voice=Act|Person=3
Peccantum,peccans,NOMcom,Case=Gen|Numb=Plur|Mood=Par|Tense=Pres|Voice=Act
delicta,delictum,NOMcom,Case=Acc|Numb=Plur
ferens,fero,VER,Case=Nom|Numb=Sing|Gend=Com|Mood=Par|Tense=Pres|Voice=Act
secumque,sui,PROref,Case=Abl|Numb=Sing
{secumque},cum3,CON,MORPH=empty
{secumque},que,CON,MORPH=empty
recondens,recondo,VER,Case=Nom|Numb=Sing|Gend=Com|Mood=Par|Tense=Pres|Voice=Act
Ast,at2,CONcoo,MORPH=empty
alius,alius,PROind,Case=Nom|Numb=Sing|Gend=Masc
placidam,placidus,ADJqua,Case=Acc|Numb=Sing|Gend=Fem|Deg=Pos
ut,ut4,CONsub,MORPH=empty
domino,dominus,NOMcom,Case=Dat|Numb=Sing
mactetur,macto,VER,Numb=Sing|Mood=Sub|Tense=Pres|Voice=Pass|Person=3
ad,ad2,PRE,MORPH=empty
aram,ara,NOMcom,Case=Acc|Numb=Sing
Optima,bonus,ADJqua,Case=Acc|Numb=Sing|Gend=Neut|Deg=Sup
siderei,sidereus,ADJqua,Case=Gen|Numb=Sing|Gend=MascNeut|Deg=Pos
laturus,fero,VER,Case=Nom|Numb=Sing|Gend=Masc|Mood=Par|Tense=Fut|Voice=Act
commoda,commodum1,NOMcom,Case=Acc|Numb=Sing
doni,donum,NOMcom,Case=Gen|Numb=Sing
Bestia,Bestia,ADJqua,Case=Nom|Numb=Sing
uel,uel2,CONcoo,MORPH=empty
uolucris,uolucris,NOMcom,Case=Nom|Numb=Sing|Deg=Pos
nullo,nullus,PROind,Case=Abl|Numb=Sing|Gend=MascNeut
quae,qui1,PROrel,Case=Nom|Numb=Sing|Gend=Fem
sanguine,sanguis,NOMcom,Case=Abl|Numb=Sing
fuso,fusus2,VER,Case=Abl|Numb=Sing|Gend=MascNeut|Mood=Par|Tense=Perf|Voice=Pass
Functa,fungor,VER,Case=Nom|Numb=Sing|Gend=Fem|Mood=Par|Tense=Perf|Voice=Dep
fuit,sum1,VER,Numb=Sing|Mood=Ind|Tense=Perf|Voice=Act|Person=3
nullis,nullus,PROind,Case=Abl|Numb=Plur|Gend=Com
prandentum,prandeo,NOMcom,Case=Gen|Numb=Sing|Gend=Com|Mood=Par|Tense=Pres|Voice=Act
est,sum1,VER,Numb=Sing|Mood=Ind|Tense=Pres|Voice=Act|Person=3
congrua,congruo,NOMcom,Case=Nom|Numb=Sing|Gend=Fem
mensis,mensa,NOMcom,Case=Abl|Numb=Plur
Idcirco,idcirco,ADV,Deg=Pos
quoniam,quoniam,CONsub,MORPH=empty
multorum,multi,ADJqua,Case=Gen|Numb=Plur|Gend=MascNeut|Deg=Pos
in,in,PRE,MORPH=empty
sanguine,sanguis,NOMcom,Case=Abl|Numb=Sing
mens,mens,NOMcom,Case=Nom|Numb=Sing
est,sum1,VER,Numb=Sing|Mood=Ind|Tense=Pres|Voice=Act|Person=3
Atque,atque1,CONcoo,MORPH=empty
etiam,etiam,ADV,Deg=Pos
si,si2,CONsub,MORPH=empty
forte,forte,ADV,Deg=Pos
pecus,pecus1,NOMcom,Case=Nom|Numb=Sing
mucrone,mucro,NOMcom,Case=Abl|Numb=Sing
peremptum,perimo,VER,Case=Nom|Numb=Sing|Gend=Neut|Mood=Par|Tense=Perf|Voice=Pass
Laxarit,laxo,VER,Numb=Sing|Mood=Sub|Tense=Perf|Voice=Act|Person=3
croceam,croceus,ADJqua,Case=Acc|Numb=Sing|Gend=Fem|Deg=Pos
sectis,seco,VER,Case=Abl|Numb=Plur|Gend=Com|Mood=Par|Tense=Perf|Voice=Pass
de,de,PRE,MORPH=empty
faucibus,faux,NOMcom,Case=Abl|Numb=Plur
undam,unda,NOMcom,Case=Acc|Numb=Sing
Debet,debeo,VER,Numb=Sing|Mood=Ind|Tense=Pres|Voice=Act|Person=3
terra,terra,NOMcom,Case=Nom|Numb=Sing
tegi,tego,VER,Mood=Inf|Tense=Pres|Voice=Pass
ne,ne4,CONsub,MORPH=empty
sit,sum1,VER,Numb=Sing|Mood=Sub|Tense=Pres|Voice=Act|Person=3
non,non,ADVneg,MORPH=empty
condita,condo,VER,Case=Nom|Numb=Sing|Gend=Fem|Mood=Par|Tense=Perf|Voice=Pass
fraudi,fraus,NOMcom,Case=Dat|Numb=Sing
Instruit,instruo,VER,Numb=Sing|Mood=Ind|Tense=Pres|Voice=Act|Person=3
hinc,hinc,ADV,Deg=Pos
dominus,dominus,NOMcom,Case=Nom|Numb=Sing
quae,quis1,PROrel,Case=Nom|Numb=Plur|Gend=Neut
sint,sum1,VER,Numb=Plur|Mood=Sub|Tense=Pres|Voice=Act|Person=3
consortia,consortium,NOMcom,Case=Nom|Numb=Plur|Gend=Neut|Deg=Pos
noxae,noxa,NOMcom,Case=Gen|Numb=Plur
Quaeue,quis,PROrel,Case=Nom|Numb=Plur|Gend=Neut
{Quaeue},ue,CON,MORPH=empty
iuuent,iuuo,VER,Numb=Plur|Mood=Sub|Tense=Pres|Voice=Act|Person=3
parili,parilis,ADJqua,Case=Abl|Numb=Sing|Gend=Com|Deg=Pos
concordia,concordia,NOMcom,Case=Acc|Numb=Plur|Gend=Neut
pectora,pectus,NOMcom,Case=Nom|Numb=Plur
nexu,nexus,NOMcom,Case=Abl|Numb=Sing
Quae,qui1,PROrel,Case=Nom|Numb=Sing|Gend=Neut
certis,certus,ADJqua,Case=Abl|Numb=Plur|Gend=Com|Deg=Pos
digesta,digero,VER,Case=Nom|Numb=Plur|Gend=Neut|Mood=Par|Tense=Perf|Voice=Pass
modis,modus,NOMcom,Case=Abl|Numb=Plur
hic,hic1,PROdem,Case=Nom
explicat,explico,VER,Numb=Sing|Mood=Ind|Tense=Pres|Voice=Act|Person=3
ordo,ordo,NOMcom,Case=Nom|Numb=Sing
Inprimis,imprimis,ADV,Deg=Pos
genetrix,genetrix,NOMcom,Case=Nom|Numb=Sing
cubili,cubile,NOMcom,Case=Abl|Numb=Sing
accommoda,accommodus,NOMcom,Case=Nom|Numb=Sing
non,non,ADVneg,MORPH=empty
est,sum1,VER,Numb=Sing|Mood=Ind|Tense=Pres|Voice=Act|Person=3
In,in,PRE,MORPH=empty
quo,qui1,PROrel,Case=Abl|Numb=Sing|Gend=MascNeut
nupta,nupta,NOMcom,Case=Nom|Numb=Sing
iacet,iaceo,VER,Numb=Sing|Mood=Ind|Tense=Pres|Voice=Act|Person=3
nullumque,nullus,PROind,Case=Nom|Numb=Sing|Gend=MascNeut
{nullumque},que,CON,MORPH=empty
agnouerit,agnosco,VER,Numb=Sing|Mood=Sub|Tense=Perf|Voice=Act|Person=3
usum,usus,NOMcom,Case=Acc|Numb=Sing
Excepta,excipio,VER,Case=Abl|Numb=Sing|Gend=Fem|Mood=Par|Tense=Perf|Voice=Pass
pietate,pietas,NOMcom,Case=Abl|Numb=Sing
sui,sui2,PROpos.ref,Case=Gen|Numb=Sing
mens,mens,NOMcom,Case=Nom|Numb=Sing
sedula,sedulus,ADJqua,Case=Nom|Numb=Sing|Gend=Fem|Deg=Pos
nati,nascor,NOMcom,Case=Gen|Numb=Plur|Mood=Par|Tense=Perf|Voice=Dep
Vt,ut4,CONsub,MORPH=empty
quae,qui1,PROrel,Case=Nom|Numb=Sing|Gend=Fem
paternis,paternus,ADJqua,Case=Abl|Numb=Plur|Gend=Com|Deg=Pos
nonnumquam,nonnumquam,ADV,Deg=Pos
amplexibus,amplexus,NOMcom,Case=Abl|Numb=Plur
haesit,haereo,VER,Numb=Sing|Mood=Ind|Tense=Perf|Voice=Act|Person=3
Hoc,hic1,PROdem,Case=Abl|Numb=Sing|Gend=MascNeut
germana,germana,NOMcom,Case=Voc|Numb=Sing|Gend=Neut
modo,modo1,NOMcom,MORPH=empty
eadem,idem,PROdem,Case=Abl|Numb=Sing|Gend=Fem
de,de,PRE,MORPH=empty
matre,mater,NOMcom,Case=Abl|Numb=Sing
creata,creo,VER,Case=Nom|Numb=Sing|Gend=Fem|Mood=Par|Tense=Perf|Voice=Pass
Aut,aut,CONcoo,MORPH=empty
neptis,neptis,NOMcom,Case=Gen|Numb=Sing
suscepta,suscipio,VER,Case=Abl|Numb=Sing|Gend=Fem|Mood=Par|Tense=Perf|Voice=Pass
tibi,tu,PROper,Case=Dat|Numb=Sing
natoue,natus,NOMcom,Case=Abl|Numb=Sing
{natoue},ue,CON,MORPH=empty
nataeue,nata,NOMcom,Case=Gen|Numb=Sing|Gend=Fem
{nataeue},ue,CON,MORPH=empty
Non,non,ADVneg,MORPH=empty
amita,amita,NOMcom,Case=Nom|Numb=Sing
affectu,affectus1,NOMcom,Case=Abl|Numb=Sing
nec,nec2,CONcoo,MORPH=empty
sit,sum1,VER,Numb=Sing|Mood=Sub|Tense=Pres|Voice=Act|Person=3
matertera,matertera,NOMcom,Case=Nom|Numb=Sing
foedo,foedus2,ADJqua,Case=Abl|Numb=Sing|Gend=MascNeut|Deg=Pos
Iunctior,iunctus,ADJqua,Case=Nom|Numb=Sing|Gend=MascFem|Deg=Comp
inue,in,VER,Numb=Sing
{inue},que,CON,MORPH=empty
nurum,nurus,NOMcom,Case=Acc|Numb=Sing
noxalis,noxalis,ADJqua,Case=Nom|Numb=Sing
luxus,luxus1,NOMcom,Case=Nom|Numb=Sing
oberret,oberro2,VER,Numb=Sing|Mood=Sub|Tense=Pres|Voice=Act|Person=3
Vel,uel2,CONcoo,MORPH=empty
nuptam,nupta,NOMcom,Case=Acc|Numb=Sing|Gend=Fem
quam,qui1,PROrel,Case=Acc|Numb=Sing|Gend=Fem
frater,frater,NOMcom,Case=Nom|Numb=Sing
habet,habeo,VER,Numb=Sing|Mood=Ind|Tense=Pres|Voice=Act|Person=3
non,non,ADVneg,MORPH=empty
nouerit,nosco,VER,Numb=Sing|Mood=Sub|Tense=Perf|Voice=Act|Person=3
usum,usus,NOMcom,Case=Acc|Numb=Sing
Filia,filia,NOMcom,Case=Nom|Numb=Sing
quem,qui1,PROrel,Case=Acc|Numb=Sing|Gend=Masc
genetrix,genetrix,NOMcom,Case=Nom|Numb=Sing
lectoue,lectus,VER,Case=Nom|Numb=Sing
{lectoue},ue,CON,MORPH=empty
incumbat,incumbo,VER,Numb=Sing|Mood=Sub|Tense=Pres|Voice=Act|Person=3
eodem,idem,PROdem,Case=Abl|Numb=Sing|Gend=MascNeut
Vni,unus,ADJcar,Case=Dat|Numb=Sing|Gend=Com
mixta,misceo,VER,Case=Nom|Numb=Sing|Gend=Neut|Mood=Par|Tense=Perf|Voice=Pass
uiro,uir,NOMcom,Case=Dat|Numb=Sing
coniunctaque,coniunctus,ADJqua,Case=Nom|Numb=Plur|Gend=Neut|Deg=Pos
{coniunctaque},que,CON,MORPH=empty
nomina,nomen,NOMcom,Case=Acc|Numb=Plur
turpet,turpeo,ADJqua,Numb=Sing|Mood=Sub|Tense=Pres|Voice=Act|Person=3
Si,si2,CONsub,MORPH=empty
nouerca,nouerca,NOMcom,Case=Nom|Numb=Sing
fiat,fio,VER,Numb=Sing|Mood=Sub|Tense=Pres|Voice=Act|Person=3
carorum,carus,NOMcom,Case=Gen|Numb=Plur
feta,fetus2,ADJqua,Case=Nom|Numb=Plur|Gend=Neut|Deg=Pos
nepotum,nepos1,NOMcom,Case=Gen|Numb=Plur
Vt,ut1,ADVrel,MORPH=empty
quae,qui1,PROrel,Case=Nom|Numb=Sing|Gend=Fem
priuigno,priuignus,NOMcom,Case=Abl|Numb=Sing
coniungitur,coniungo,VER,Numb=Sing|Mood=Ind|Tense=Pres|Voice=Pass|Person=3
et,et2,CONcoo,MORPH=empty
duas,duo,ADJcar,Case=Acc|Numb=Plur|Gend=Fem
uno,unus,ADJcar,Case=Abl|Numb=Sing|Gend=MascNeut
Germanas,Germanus,NOMpro,Case=Acc|Numb=Plur
cohibere,cohibeo,VER,Mood=Inf|Tense=Pres|Voice=Act
sinu,sinus,NOMcom,Case=Abl|Numb=Sing
res,res,NOMcom,Case=Nom|Numb=Sing
absona,absonus,ADJqua,Case=Nom|Numb=Sing|Gend=Fem|Deg=Pos
iuri,ius1,NOMcom,Case=Dat|Numb=Sing
est,sum1,VER,Numb=Sing|Mood=Ind|Tense=Pres|Voice=Act|Person=3
Vel,uel2,CONcoo,MORPH=empty
quam,quam1,PROrel,Case=Acc|Numb=Sing|Gend=Fem
coniuncta,coniunctus,ADJqua,Case=Nom|Numb=Sing|Gend=Fem|Deg=Pos
uobis,uos,PROper,Case=Dat|Numb=Plur
de,de,PRE,MORPH=empty
plebe,plebs,NOMcom,Case=Abl|Numb=Sing
capessit,capesso,VER,Numb=Sing|Mood=Ind|Tense=Pres|Voice=Act|Person=3
Proximus,propior,ADJqua,Case=Nom|Numb=Sing|Gend=Masc|Deg=Pos
haut,haud,ADVneg,MORPH=empty
natus,nascor,ADJqua,Case=Nom|Numb=Sing|Gend=Masc|Mood=Par|Tense=Perf|Voice=Dep
detur,do,VER,Numb=Sing|Mood=Sub|Tense=Pres|Voice=Pass|Person=3
seruire,seruio,VER,Mood=Inf|Tense=Pres|Voice=Act
potenti,potens,ADJqua,Case=Abl|Numb=Sing|Gend=Com|Deg=Pos
Ne,ne4,CONsub,MORPH=empty
uetito,ueto,VER,Case=Abl|Numb=Sing|Gend=MascNeut|Mood=Par|Tense=Perf|Voice=Pass
nomen,nomen,NOMcom,Case=Nom|Numb=Sing
domini,dominus,NOMcom,Case=Gen|Numb=Sing
uioletur,uiolo,VER,Numb=Sing|Mood=Sub|Tense=Pres|Voice=Pass|Person=3
in,in,PRE,MORPH=empty
actu,actus1,NOMcom,Case=Abl|Numb=Sing
Masculus,masculus,ADJqua,Case=Nom|Numb=Sing|Gend=Masc|Deg=Pos
obsceno,obscenus,ADJqua,Case=Abl|Numb=Sing|Gend=MascNeut|Deg=Pos
ne,ne3,ADVneg,MORPH=empty
sit,sum1,VER,Numb=Sing|Mood=Sub|Tense=Pres|Voice=Act|Person=3
permixtus,permisceo,ADJqua,Case=Nom|Numb=Sing|Gend=Masc|Mood=Par|Tense=Perf|Voice=Pass
amore,amor,NOMcom,Case=Abl|Numb=Sing
Neu,neue1,CONcoo,MORPH=empty
sexum,sexus,NOMcom,Case=Acc|Numb=Sing
deturpa,deturpo,NOMcom,Case=Nom|Numb=Sing
tuum,tuus,PROpos,Case=Acc|Numb=Sing|Gend=MascNeut
nec,nec2,CONcoo,MORPH=empty
quadrupes,quadrupes1,NOMcom,Case=Nom|Numb=Sing
ulla,ullus,PROind,Case=Nom|Numb=Sing|Gend=Fem
Nouerit,nosco,VER,Numb=Sing|Mood=Sub|Tense=Perf|Voice=Act|Person=3
informes,informis,ADJqua,Case=Acc|Numb=Plur|Gend=MascFem|Deg=Pos
coitus,coitus,NOMcom,Case=Nom|Numb=Plur
nuptaeue,nupta,NOMcom,Case=Gen|Numb=Sing|Gend=Neut
{nuptaeue},ue,CON,MORPH=empty
uiriue,uir,ADJqua,Case=Abl|Numb=Plur
{uiriue},ue,CON,MORPH=empty
Crimina,crimen,NOMcom,Case=Acc|Numb=Plur
quae,qui1,PROrel,Case=Nom|Numb=Plur|Gend=Neut
propter,propter2,PRE,MORPH=empty
dominum,dominus,NOMcom,Case=Acc|Numb=Sing
laesere,laedo,VER,Numb=Plur|Mood=Ind|Tense=Perf|Voice=Act|Person=3
potentem,potens,ADJqua,Case=Acc|Numb=Sing|Gend=MascFem|Deg=Pos
Gentes,gens,NOMcom,Case=Nom|Numb=Plur
multimodae,multimodus,ADJqua,Case=Nom|Numb=Plur|Gend=Fem
terraque,terra,NOMcom,Case=Nom|Numb=Sing
{terraque},que,CON,MORPH=empty
his,hic1,PROdem,Case=Abl|Numb=Plur|Gend=Com
omnibus,omnis,PROind,Case=Abl|Numb=Plur|Gend=Com
iras,ira,NOMcom,Case=Acc|Numb=Plur
Exhibet,exhibeo,VER,Numb=Sing|Mood=Ind|Tense=Pres|Voice=Act|Person=3
et,et2,CONcoo,MORPH=empty
sordes,sordes,NOMcom,Case=Acc|Numb=Plur
quibus,qui1,PROrel,Case=Dat|Numb=Plur|Gend=Com
est,sum1,VER,Numb=Sing|Mood=Ind|Tense=Pres|Voice=Act|Person=3
infecta,infectus2,ADJqua,Case=Nom|Numb=Sing|Gend=Fem
refutat,refuto,VER,Numb=Sing|Mood=Ind|Tense=Pres|Voice=Act|Person=3
At,at2,CONcoo,MORPH=empty
cum,cum3,CONsub,MORPH=empty
triticeas,triticeus,ADJqua,Case=Acc|Numb=Plur|Gend=Fem|Deg=Pos
tondet,tondeo,VER,Numb=Sing|Mood=Ind|Tense=Pres|Voice=Act|Person=3
iam,iam,ADV,Deg=Pos
messor,messor,NOMcom,Case=Nom|Numb=Sing
aristas,arista,NOMcom,Case=Acc|Numb=Plur
Vel,uel2,CONcoo,MORPH=empty
cum,cum3,CONsub,MORPH=empty
flauentes,flaueo,VER,Case=Acc|Numb=Plur|Gend=MascFem|Mood=Par|Tense=Pres|Voice=Act
resecat,reseco,VER,Numb=Sing|Mood=Ind|Tense=Pres|Voice=Act|Person=3
uindemitor,uindemitor,NOMcom,Case=Nom|Numb=Sing
uuas,uua,NOMcom,Case=Acc|Numb=Plur
Nemo,nemo,PROind,Case=Nom|Numb=Sing
legat,lego1,VER,Numb=Sing|Mood=Sub|Tense=Pres|Voice=Act|Person=3
totum,totus,PROind,Case=Acc|Numb=Sing|Gend=MascNeut
ut,ut4,CONsub,MORPH=empty
pars,pars,NOMcom,Case=Nom|Numb=Sing
linquatur,linquo,VER,Numb=Sing|Mood=Sub|Tense=Pres|Voice=Pass|Person=3
egenti,egeo,ADJqua,Case=Dat|Numb=Sing|Gend=Com|Deg=Pos
Quae,qui1,PROrel,Case=Nom|Numb=Sing|Gend=Fem
suprema,superus,ADJqua,Case=Nom|Numb=Sing|Gend=Fem|Deg=Sup
fuit,sum1,VER,Numb=Sing|Mood=Ind|Tense=Perf|Voice=Act|Person=3
mendum,mendum,NOMcom,Case=Acc|Numb=Sing
ne,ne3,ADVneg,MORPH=empty
dixerit,dico2,VER,Numb=Sing|Mood=Sub|Tense=Perf|Voice=Act|Person=3
ullus,ullus,PROind,Case=Nom|Numb=Sing|Gend=Masc
Neu,neue2,CONsub,MORPH=empty
furtis,furtum,NOMcom,Case=Abl|Numb=Plur
seruire,seruio,VER,Mood=Inf|Tense=Pres|Voice=Act
uelit,uolo3,VER,Numb=Sing|Mood=Sub|Tense=Pres|Voice=Act|Person=3
nec,nec2,CONcoo,MORPH=empty
perdere,perdo,VER,Mood=Inf|Tense=Pres|Voice=Act
fratrem,frater,NOMcom,Case=Acc|Numb=Sing
Nec,nec2,CONcoo,MORPH=empty
super,super2,PRE,MORPH=empty
iniustum,iniustus,ADJqua,Case=Acc|Numb=Sing|Gend=MascNeut|Deg=Pos
iurandi,iuro,VER,Case=Gen|Numb=Sing|Mood=Ger|Voice=Act
inponere,impono,VER,Mood=Inf|Tense=Pres|Voice=Act
iura,ius1,NOMcom,Case=Acc|Numb=Plur
Laedere,laedo,VER,Mood=Inf|Tense=Pres|Voice=Act
ne,ne4,CONsub,MORPH=empty
libeat,libet,VER,Numb=Sing|Mood=Sub|Tense=Pres|Voice=Act|Person=3
quemquam,quisquam,PROind,Case=Acc|Numb=Sing|Gend=MascFem
uel,uel2,CONcoo,MORPH=empty
rapta,rapio,VER,Case=Acc|Numb=Plur|Gend=Fem|Mood=Par|Tense=Perf|Voice=Pass
tenere,teneo,VER,Mood=Inf|Tense=Pres|Voice=Act
Neue,neue2,CONsub,MORPH=empty
operi,opus1,NOMcom,Case=Dat|Numb=Sing
pretium,pretium,NOMcom,Case=Nom|Numb=Sing
demat,demo,VER,Numb=Sing|Mood=Sub|Tense=Pres|Voice=Act|Person=3
mercede,merces,NOMcom,Case=Abl|Numb=Sing
locati,loco,VER,Case=Gen|Numb=Sing|Gend=Masc|Mood=Par|Tense=Perf|Voice=Pass
Vel,uel2,CONcoo,MORPH=empty
una,unus,ADJcar,Case=Abl|Numb=Sing|Gend=Fem
sub,sub,PRE,MORPH=empty
nocte,nox,NOMcom,Case=Abl|Numb=Sing
uiri,uir,NOMcom,Case=Gen|Numb=Sing
neu,neue1,CONcoo,MORPH=empty
dicere,dico2,VER,Mood=Inf|Tense=Pres|Voice=Act
surdo,surdus,ADJqua,Case=Dat|Numb=Sing|Gend=MascNeut|Deg=Pos
Surde,surde,ADJqua,Numb=Sing|Deg=Pos
uelis,uolo3,NOMcom,Numb=Sing|Mood=Sub|Tense=Pres|Voice=Act|Person=2
damnumue,damnum,NOMcom,Case=Acc|Numb=Sing
{damnumue},ue,CON,MORPH=empty
exprobres,exprobro,VER,Numb=Plur|Mood=Sub|Tense=Pres|Voice=Act|Person=2
corporis,corpus,NOMcom,Case=Gen|Numb=Sing
ulli,ullus,PROind,Case=Dat|Numb=Sing|Gend=MascNeut
Iudicis,iudex,NOMcom,Case=Gen|Numb=Sing
arbitrium,arbitrium,NOMcom,Case=Acc|Numb=Sing
ne,ne3,ADVneg,MORPH=empty
sit,sum1,VER,Numb=Sing|Mood=Sub|Tense=Pres|Voice=Act|Person=3
propensius,propensus,ADJqua,Case=Nom|Numb=Sing|Gend=Neut|Deg=Comp
umquam,umquam,ADV,Deg=Pos
In,in,PRE,MORPH=empty
laeuum,laeuus,ADJqua,Case=Acc|Numb=Sing|Gend=MascNeut
dextrumue,dexter,ADJqua,Case=Acc|Numb=Sing|Gend=MascNeut|Deg=Pos
{dextrumue},ue,CON,MORPH=empty
latus,latus1,NOMcom,Case=Acc|Numb=Sing
quia,quia,CONsub,MORPH=empty
pauperis,pauper,ADJqua,Case=Gen|Numb=Sing|Gend=Com|Deg=Pos
una,unus,ADJcar,Case=Nom|Numb=Sing|Gend=Fem
Eximiique,eximius,ADJqua,Case=Gen|Numb=Sing|Gend=MascNeut|Deg=Pos
{Eximiique},que,CON,MORPH=empty
uiri,uir,NOMcom,Case=Gen|Numb=Sing
debet,debeo,VER,Numb=Sing|Mood=Ind|Tense=Pres|Voice=Act|Person=3
persona,persona,NOMcom,Case=Nom|Numb=Sing
uideri,uideo,VER,Mood=Inf|Tense=Pres|Voice=Pass
Illis,ille,PROdem,Case=Dat|Numb=Plur|Gend=Com
qui,qui1,PROrel,Case=Nom|Numb=Plur|Gend=Masc
posita,pono,VER,Case=Abl|Numb=Sing|Gend=Fem|Mood=Par|Tense=Perf|Voice=Pass
rectum,rectus,ADJqua,Case=Acc|Numb=Sing|Gend=MascNeut|Deg=Pos
discernere,discerno,VER,Mood=Inf|Tense=Pres|Voice=Act
lance,lanx,NOMcom,Case=Abl|Numb=Sing
Mente,mens,NOMcom,Case=Abl|Numb=Sing
queunt,queo,VER,Numb=Plur|Mood=Ind|Tense=Pres|Voice=Act|Person=3
docili,docilis,ADJqua,Case=Abl|Numb=Sing|Gend=Com|Deg=Pos
mox,mox,ADV,Deg=Pos
turgida,turgidus,ADJqua,Case=Abl|Numb=Plur|Gend=Neut|Deg=Pos
pectora,pectus,NOMcom,Case=Acc|Numb=Plur
frena,frenum,NOMcom,Case=Acc|Numb=Plur
Inuisus,inuisus1,ADJqua,Case=Nom|Numb=Sing|Gend=Masc|Deg=Pos
ne,ne4,CONsub,MORPH=empty
forte,forte,ADV,Deg=Pos
fias,fio,VER,Numb=Sing|Mood=Sub|Tense=Pres|Voice=Act|Person=2
dum,dum2,CONsub,MORPH=empty
despicis,despicio,VER,Numb=Sing|Mood=Ind|Tense=Pres|Voice=Act|Person=2
omnes,omnis,PROind,Case=Acc|Numb=Plur|Gend=MascFem
Oderis,odi,VER,Numb=Sing|Mood=Ind|Tense=FutAnt|Voice=Act|Person=2
aut,aut,CONcoo,MORPH=empty
fratrem,frater,NOMcom,Case=Acc|Numb=Sing
tacita,tacitus,ADJqua,Case=Abl|Numb=Sing|Gend=Fem|Deg=Pos
si,si2,CONsub,MORPH=empty
cogeris,cogo,VER,Numb=Sing|Mood=Ind|Tense=Pres|Voice=Pass|Person=2
ira,ira,NOMcom,Case=Abl|Numb=Sing
Sed,sed,CONcoo,MORPH=empty
castiga,castigo,VER,Case=Nom|Mood=Imp|Tense=Pres|Voice=Act|Person=2
magis,magis2,ADV,Deg=Comp
coramque,coram,ADV,MORPH=empty
{coramque},que,CON,MORPH=empty
euolue,euoluo,VER,Numb=Sing|Mood=Imp|Tense=Pres|Voice=Act|Person=2
locato,loco,VER,Numb=Sing|Gend=MascNeut|Mood=Imp|Tense=Fut|Voice=Act|Person=2
Vt,ut4,CONsub,MORPH=empty
uitet,uito,VER,Numb=Sing|Mood=Sub|Tense=Pres|Voice=Act|Person=3
commissa,committo,VER,Case=Nom|Numb=Sing|Gend=Fem|Mood=Par|Tense=Perf|Voice=Pass
prius,prius,ADJadv.ord,Deg=Comp
mentemque,mens,NOMcom,Case=Acc|Numb=Sing
{mentemque},que,CON,MORPH=empty
reformet,reformo,VER,Numb=Sing|Mood=Sub|Tense=Pres|Voice=Act|Person=3
Et,et2,CONcoo,MORPH=empty
cum,cum2,PRE,MORPH=empty
iura,ius1,NOMcom,Case=Acc|Numb=Plur
tibi,tu,PROper,Case=Dat|Numb=Sing
fuerint,sum1,VER,Numb=Plur|Mood=Sub|Tense=Perf|Voice=Act|Person=3
commissa,committo,VER,Case=Nom|Numb=Plur|Gend=Neut|Mood=Par|Tense=Perf|Voice=Pass
nocendi,noceo,VER,Case=Gen|Numb=Sing|Mood=Ger|Voice=Act
Motus,motus,NOMcom,Case=Acc|Numb=Plur
pone,pono,ADV,Numb=Sing|Mood=Imp|Tense=Pres|Voice=Act|Person=2
libens,libens,ADJqua,Case=Voc|Numb=Sing|Gend=Com|Deg=Pos
iramque,ira,NOMcom,Case=Acc|Numb=Sing
{iramque},que,CON,MORPH=empty
emitiga,emitigo,VER,Case=Abl|Numb=Sing|Person=2
totam,totus,PROind,Case=Acc|Numb=Sing|Gend=Fem
Pectore,pectus,NOMcom,Case=Abl|Numb=Sing
quae,qui1,PROrel,Case=Nom|Numb=Sing|Gend=Fem
tacito,tacitus,ADJqua,Case=Abl|Numb=Sing|Gend=MascNeut|Deg=Pos
dudum,dudum,ADV,Deg=Pos
contracta,contraho,VER,Case=Nom|Numb=Sing|Gend=Fem|Mood=Par|Tense=Perf|Voice=Pass
uigebat,uigeo,VER,Numb=Sing|Mood=Ind|Tense=Impa|Voice=Act|Person=3
Ne,ne4,CONsub,MORPH=empty
dominus,dominus,NOMcom,Case=Nom|Numb=Sing
sis,sum1,VER,Numb=Sing|Mood=Sub|Tense=Pres|Voice=Act|Person=2
ipse,ipse,PROdem,Case=Nom|Numb=Sing|Gend=Masc
tui,tu,PROpos,Case=Gen|Numb=Sing|Gend=MascNeut
uindexque,uindex,NOMcom,Case=Nom|Numb=Sing
{uindexque},que,CON,MORPH=empty
doloris,dolor,NOMcom,Case=Gen|Numb=Sing
Vtque,ut,ADVrel,MORPH=empty
{Vtque},que,CON,MORPH=empty
tuis,tuus,PROpos,Case=Dat|Numb=Plur|Gend=Com
cupies,cupio,VER,Numb=Sing|Mood=Ind|Tense=Fut|Voice=Act|Person=2
iucunda,iucundus,ADJqua,Case=Acc|Numb=Sing|Gend=Neut|Deg=Pos
et,et2,CONcoo,MORPH=empty
commoda,commodo1,ADJqua,Case=Acc|Numb=Plur|Deg=Pos
rebus,res,NOMcom,Case=Dat|Numb=Plur
Sic,sic,ADV,Deg=Pos
fratri,frater,NOMcom,Case=Dat|Numb=Sing
deposce,deposco,VER,Numb=Sing|Mood=Imp|Tense=Pres|Voice=Act|Person=2
tuo,tuus,PROpos,Case=Dat|Numb=Sing|Gend=MascNeut
ne,ne4,CONsub,MORPH=empty
dissona,dissonus,ADJqua,Case=Nom|Numb=Sing|Gend=Fem|Deg=Pos
mens,mens,NOMcom,Case=Nom|Numb=Sing
sit,sum1,VER,Numb=Sing|Mood=Sub|Tense=Pres|Voice=Act|Person=3
Hoc,hic1,PROdem,Case=Acc|Numb=Sing|Gend=Neut
seruate,seruo,VER,Numb=Plur|Mood=Imp|Tense=Pres|Voice=Act|Person=2
uiri,uir,NOMcom,Case=Voc|Numb=Plur
sanctoque,sanctus,ADJqua,Case=Dat|Numb=Sing|Gend=MascNeut|Deg=Pos
{sanctoque},que,CON,MORPH=empty
insistite,insisto,VER,Numb=Plur|Mood=Imp|Tense=Pres|Voice=Act|Person=2
iuri,ius1,NOMcom,Case=Dat|Numb=Sing
Sint,sum1,VER,Numb=Plur|Mood=Sub|Tense=Pres|Voice=Act|Person=3
iumenta,iumentum,NOMcom,Case=Nom|Numb=Plur
tuis,tuus,PROpos,Case=Dat|Numb=Plur|Gend=Com
subnixa,subnixus,ADJqua,Case=Acc|Numb=Plur|Gend=Neut|Deg=Pos
et,et2,CONcoo,MORPH=empty
subdita,subdo,VER,Case=Nom|Numb=Plur|Gend=Neut|Mood=Par|Tense=Perf|Voice=Pass
plaustris,plaustrum,NOMcom,Case=Abl|Numb=Plur
Corpore,corpus,NOMcom,Case=Abl|Numb=Sing
consimili,consimilis,ADJqua,Case=Abl|Numb=Sing|Gend=Com|Deg=Pos
nec,nec2,CONcoo,MORPH=empty
taurum,taurus,NOMcom,Case=Acc|Numb=Sing
iunge,iungo,VER,Numb=Sing|Mood=Imp|Tense=Pres|Voice=Act|Person=2
caballo,caballus,NOMcom,Case=Abl|Numb=Sing
Frena,frenum,NOMcom,Case=Acc|Numb=Plur
regens,rego,VER,Case=Nom|Numb=Sing|Gend=Com|Mood=Par|Tense=Pres|Voice=Act
uirides,uiridis,ADJqua,Case=Acc|Numb=Plur|Gend=MascFem|Deg=Pos
inter,inter,PRE,MORPH=empty
nec,nec2,CONcoo,MORPH=empty
spargito,spargo2,VER,Numb=Sing|Mood=Imp|Tense=Fut|Voice=Act|Person=2
uites,uitis,NOMcom,Case=Acc|Numb=Sing
Farra,far,NOMcom,Case=Acc|Numb=Plur
serens,sero?,VER,Case=Nom|Numb=Sing|Gend=Com|Mood=Par|Tense=Pres|Voice=Act
uestisque,uestis,NOMcom,Case=Nom|Numb=Sing
{uestisque},que,CON,MORPH=empty
tibi,tu,PROper,Case=Dat|Numb=Sing
nec,nec2,CONcoo,MORPH=empty
discolor,discolor,ADJqua,Case=Nom|Numb=Sing|Gend=Com|Deg=Pos
ulla,ullus,PROind,Case=Nom|Numb=Sing|Gend=Fem
Diuerso,diuersus,ADJqua,Case=Dat|Numb=Sing|Gend=MascNeut
sit,sum1,VER,Numb=Sing|Mood=Sub|Tense=Pres|Voice=Act|Person=3
texta,texo,VER,Case=Nom|Numb=Plur|Gend=Fem
modo,modo2,CONsub,Case=Abl
filoue,filuus,NOMcom,Case=Abl|Numb=Sing
{filoue},que,CON,MORPH=empty
biformi,biformis,ADJqua,Case=Abl|Numb=Sing|Gend=Com|Deg=Pos
Diligit,diligo3,VER,Numb=Sing|Mood=Ind|Tense=Pres|Voice=Act|Person=3
ancillam,ancilla,NOMcom,Case=Acc|Numb=Sing
si,si2,CONsub,MORPH=empty
quis,quis2,PROind,Case=Nom|Numb=Sing|Gend=MascFem
mercede,merces,NOMcom,Case=Abl|Numb=Sing
seorsa,seorsum?,VER,Case=Abl|Numb=Sing|Deg=Pos
Nondum,nondum,ADVneg,MORPH=empty
iure,ius1,NOMcom,Case=Abl|Numb=Sing|Deg=Pos
dato,do,VER,Case=Abl|Numb=Sing|Gend=MascNeut|Mood=Par|Tense=Perf|Voice=Pass
quod,qui1,PROrel,Case=Acc|Numb=Sing|Gend=Neut
seruis,seruus1,NOMcom,Case=Dat|Numb=Sing
missio,missio,NOMcom,Case=Nom|Numb=Sing
praestat,praesto1,VER,Numb=Sing|Mood=Ind|Tense=Pres|Voice=Act|Person=3
Et,et2,CONcoo,MORPH=empty
data,do,VER,Case=Nom|Numb=Sing|Gend=Fem|Mood=Par|Tense=Perf|Voice=Pass
libertas,libertas,NOMcom,Case=Nom|Numb=Sing
mortali,mortalis2,ADJqua,Case=Abl|Numb=Sing|Gend=Com|Deg=Pos
crimine,crimen,NOMcom,Case=Abl|Numb=Sing
caret,careo,VER,Numb=Sing|Mood=Ind|Tense=Pres|Voice=Act|Person=3
Puella,puella,NOMcom,Case=Nom|Numb=Sing
si,si2,CONsub,MORPH=empty
non,non,ADVneg,MORPH=empty
iuncta,iungo,VER,Case=Nom|Numb=Sing|Gend=Fem|Mood=Par|Tense=Perf|Voice=Pass
uiro,uir,NOMcom,Case=Dat|Numb=Sing
sensum,sensus,NOMcom,Case=Acc|Numb=Sing
coniunxerit,coniungo,VER,Numb=Sing|Mood=Ind|Tense=FutAnt|Voice=Act|Person=3
unum,unus,ADJcar,Case=Acc|Numb=Sing|Gend=MascNeut
Si,si2,CONsub,MORPH=empty
facilis,facilis,ADJqua,Case=Nom|Numb=Sing|Gend=MascFem|Deg=Pos
nullo,nullus,PROind,Case=Abl|Numb=Sing|Gend=MascNeut
coitus,coitus,NOMcom,Case=Nom|Numb=Sing
luctamine,luctamen,NOMcom,Case=Abl|Numb=Sing
praestat,praesto1,VER,Numb=Sing|Mood=Ind|Tense=Pres|Voice=Act|Person=3
Lenitur,lenio,VER,Numb=Sing|Mood=Ind|Tense=Pres|Voice=Pass|Person=3
per,per,PRE,MORPH=empty
uota,uotum,NOMcom,Case=Acc|Numb=Plur
deus,deus,NOMcom,Case=Nom|Numb=Sing
si,si2,CONsub,MORPH=empty
de,de,PRE,MORPH=empty
grege,grex,NOMcom,Case=Abl|Numb=Sing
molli,mollis,ADJqua,Case=Abl|Numb=Sing|Gend=Com|Deg=Pos
Votiuus,uotiuus,ADJqua,Case=Nom|Numb=Sing|Gend=Masc|Deg=Pos
aries,aries,NOMcom,Case=Nom|Numb=Sing
domini,dominus,NOMcom,Case=Gen|Numb=Sing
mactetur,macto,VER,Numb=Sing|Mood=Sub|Tense=Pres|Voice=Pass|Person=3
ad,ad2,PRE,MORPH=empty
aram,ara,NOMcom,Case=Acc|Numb=Sing
Insita,insitus2,VER,Case=Nom|Numb=Sing|Gend=Neut
siluestri,siluestris,ADJqua,Case=Abl|Numb=Sing|Gend=Com|Deg=Pos
quotiens,quotiens1,ADVrel,MORPH=empty
sunt,sum1,VER,Numb=Plur|Mood=Ind|Tense=Pres|Voice=Act|Person=3
germina,germen,NOMcom,Case=Nom|Numb=Plur
trunco,truncus1,NOMcom,Case=Abl|Numb=Sing|Gend=MascNeut
Carpite,carpo,VER,Case=Abl|Numb=Sing|Mood=Imp|Tense=Pres|Voice=Act|Person=2
post,post2,PRE,MORPH=empty
ternos,ternus,ADJdis,Case=Acc|Numb=Plur|Gend=Masc
nequaquam,nequaquam,ADVneg,MORPH=empty
poma,pomum,NOMcom,Case=Acc|Numb=Plur
decembres,december,ADJqua,Case=Acc|Numb=Plur|Gend=MascFem
Sed,sed,CONcoo,MORPH=empty
summo,superus,ADJqua,Case=Abl|Numb=Sing|Gend=MascNeut|Deg=Sup
sacrate,sacratus,ADJqua,Case=Voc|Numb=Plur|Gend=Masc
deo,deus,NOMcom,Case=Abl|Numb=Sing
quia,quia,CONsub,MORPH=empty
quintus,quintus,ADJord,Case=Nom|Numb=Sing|Gend=Masc|Deg=Pos
edendi,edo1,VER,Case=Gen|Numb=Sing|Mood=Ger|Voice=Act
Iura,ius1,NOMcom,Case=Acc|Numb=Plur
dabit,do,VER,Numb=Sing|Mood=Ind|Tense=Fut|Voice=Act|Person=3
uobis,uos,PROper,Case=Dat|Numb=Plur
licitis,licet1,VER,Case=Abl|Numb=Plur|Gend=Com|Deg=Pos|Mood=Par|Tense=Perf|Voice=Pass
cum,cum2,PRE,MORPH=empty
uictibus,uictus,NOMcom,Case=Abl|Numb=Plur
annus,annus,NOMcom,Case=Nom|Numb=Sing
Auguriis,Augurius,NOMcom,Case=Dat|Numb=Plur|Gend=Com
seruire,seruio,VER,Mood=Inf|Tense=Pres|Voice=Act
nega,nego,VER,Numb=Sing|Mood=Imp|Tense=Pres|Voice=Act|Person=2
atque,atque1,CONcoo,MORPH=empty
auspicis,auspex,NOMcom,Case=Gen|Numb=Sing
orsa,ordior,VER,Case=Acc|Numb=Plur|Gend=Neut|Mood=Par|Tense=Perf|Voice=Dep
Pro,pro1,PRE,MORPH=empty
ueris,uerus,NOMcom,Case=Abl|Numb=Plur|Gend=Com
audire,audio,VER,Mood=Inf|Tense=Pres|Voice=Act
fuge,fugio,VER,Numb=Sing|Mood=Imp|Tense=Pres|Voice=Act|Person=2
rectumque,rectus,ADJqua,Case=Acc|Numb=Sing|Gend=MascNeut|Deg=Pos
{rectumque},que,CON,MORPH=empty
capillum,capillus,NOMcom,Case=Acc|Numb=Sing
Crispanti,crispo,VER,Case=Abl|Numb=Sing|Gend=Com
rutilare,rutilo,VER,Mood=Imp|Tense=Pres|Voice=Dep
coma,coma,NOMcom,Case=Abl|Numb=Sing
uel,uel2,CONcoo,MORPH=empty
carpere,carpo,VER,Mood=Inf|Tense=Pres|Voice=Act
barbam,barba,NOMcom,Case=Acc|Numb=Sing
Aut,aut,CONcoo,MORPH=empty
ferro,ferrum,NOMcom,Case=Abl|Numb=Sing
signare,signo,VER,Mood=Inf|Tense=Pres|Voice=Act
cutem,cutis,NOMcom,Case=Acc|Numb=Sing
uel,uel2,CONcoo,MORPH=empty
stigmata,stigma,NOMcom,Case=Acc|Numb=Plur
membris,membrum,NOMcom,Case=Abl|Numb=Plur
Indere,indo,VER,Mood=Inf|Tense=Pres|Voice=Act
corporeis,corporeus,ADJqua,Case=Abl|Numb=Plur|Gend=Com|Deg=Pos
haut,haud,ADVneg,MORPH=empty
umquam,umquam,ADV,Deg=Pos
mitia,mitis,ADJqua,Case=Acc|Numb=Plur|Gend=Neut|Deg=Pos
membris,membrum,NOMcom,Case=Dat|Numb=Plur
Filia,filia,NOMcom,Case=Voc|Numb=Sing
blandiloquis,blandiloquus,ADJqua,Case=Acc|Numb=Plur|Gend=Com|Deg=Pos
ne,ne4,CONsub,MORPH=empty
sit,sum1,VER,Numb=Sing|Mood=Sub|Tense=Pres|Voice=Act|Person=3
te,tu,PROper,Case=Abl|Numb=Sing
mancipe,manceps,NOMcom,Case=Abl|Numb=Sing
moechis,moechus,NOMcom,Case=Abl|Numb=Plur
Aut,aut,CONcoo,MORPH=empty
turpi,turpis,ADJqua,Case=Abl|Numb=Sing|Gend=Com|Deg=Pos
transcripta,transcriptum,VER,Case=Nom|Numb=Sing|Gend=Fem|Mood=Par|Tense=Perf|Voice=Pass
toro,torus,NOMcom,Case=Abl|Numb=Sing
cantuque,cantus,NOMcom,Case=Abl|Numb=Sing
{cantuque},que,CON,MORPH=empty
medentes,medens,VER,Case=Acc|Numb=Plur
Euitate,euito,VER,Numb=Sing|Mood=Imp|Tense=Pres|Voice=Act
uiros,uir,NOMcom,Case=Acc|Numb=Plur
dignaque,dignus,ADJqua,Case=Voc|Numb=Plur|Gend=Fem|Deg=Pos
{dignaque},que,CON,MORPH=empty
accersite,arcesso,VER,Numb=Plur|Mood=Imp|Tense=Pres|Voice=Act|Person=2
noxa,noxa,NOMcom,Case=Abl|Numb=Sing
Si,si2,CONsub,MORPH=empty
iuuenis,iuuenis1,NOMcom,Case=Nom|Numb=Sing
uetulo,uetulus1,NOMcom,Case=Dat|Numb=Sing|Gend=MascNeut|Deg=Pos
non,non,ADVneg,MORPH=empty
adsurrexerit,assurgo,VER,Numb=Sing|Mood=Ind|Tense=FutAnt|Voice=Act|Person=3
et,et2,CONcoo,MORPH=empty
si,si2,CONsub,MORPH=empty
Barbato,barbatus2,ADJqua,Case=Dat|Numb=Sing|Gend=MascNeut
cuicumque,quicumque2,PROind,Case=Dat|Numb=Sing|Gend=Com
puer,puer,NOMcom,Case=Nom|Numb=Sing
quia,quia,CONsub,MORPH=empty
grandior,grandis,ADJqua,Case=Nom|Numb=Sing|Gend=MascFem|Deg=Comp
aeuo,aeuum,NOMcom,Case=Abl|Numb=Sing
Postulat,postulo,VER,Numb=Sing|Mood=Ind|Tense=Pres|Voice=Act|Person=3
officium,officium,NOMcom,Case=Acc|Numb=Sing
paternis,paternus,ADJqua,Case=Dat|Numb=Plur|Gend=Com|Deg=Pos
quod,qui1,PROrel,Case=Nom|Numb=Sing|Gend=Neut
datur,do,VER,Numb=Sing|Mood=Ind|Tense=Pres|Voice=Pass|Person=3
annis,annus,NOMcom,Case=Abl|Numb=Plur
Sit,sum1,VER,Numb=Sing|Mood=Sub|Tense=Pres|Voice=Act|Person=3
modio,modius,NOMcom,Case=Dat|Numb=Sing
mensura,mensura,NOMcom,Case=Nom|Numb=Sing
tuo,tuus,PROpos,Case=Dat|Numb=Sing|Gend=MascNeut
non,non,ADVneg,MORPH=empty
debilis,debilis,ADJqua,Case=Nom|Numb=Sing|Gend=MascFem|Deg=Pos
umquam,umquam,ADV,Deg=Pos
Nec,nec2,CONcoo,MORPH=empty
trutinam,trutina,NOMcom,Case=Acc|Numb=Sing
serues,seruo,VER,Numb=Sing|Mood=Sub|Tense=Pres|Voice=Act|Person=2
cui,qui1,PROrel,Case=Dat|Numb=Sing|Gend=Com
sit,sum1,VER,Numb=Sing|Mood=Sub|Tense=Pres|Voice=Act|Person=3
semuncia,semuncia,NOMcom,Case=Nom|Numb=Sing
fraudis,fraus,NOMcom,Case=Gen|Numb=Sing
Iustus,iustus,ADJqua,Case=Nom|Numb=Sing|Gend=Masc|Deg=Pos
iusta,iustus,ADJqua,Case=Acc|Numb=Sing|Gend=Fem|Deg=Pos
deus,deus,NOMcom,Case=Nom|Numb=Sing
quocumque,quocumque1,PROrel,Gend=MascNeut
exquirit,exquiro,VER,Numb=Sing|Mood=Ind|Tense=Pres|Voice=Act|Person=3
in,in,PRE,MORPH=empty
actu,actus1,NOMcom,Case=Abl|Numb=Sing
Et,et2,CONcoo,MORPH=empty
qui,qui1,PROrel,Case=Nom|Numb=Plur|Gend=Masc
uentriloquos,uentriloquus,NOMcom,Case=Acc|Numb=Plur|Gend=Masc
poscunt,posco,VER,Numb=Plur|Mood=Ind|Tense=Pres|Voice=Act|Person=3
responsa,responsum,NOMcom,Case=Acc|Numb=Plur
refuta,refuto,VER,Case=Acc|Numb=Plur|Gend=Neut
Defunctum,defungor,VER,Case=Acc|Numb=Sing|Gend=MascNeut
propter,propter2,PRE,MORPH=empty
nullus,nullus,PROind,Case=Nom|Numb=Sing|Gend=Masc
deponere,depono,VER,Mood=Inf|Tense=Pres|Voice=Act
barbam,barba,NOMcom,Case=Acc|Numb=Sing
Aut,aut,CONcoo,MORPH=empty
nudare,nudo,VER,Mood=Inf|Tense=Pres|Voice=Act
caput,caput,NOMcom,Case=Acc|Numb=Sing
studeat,studeo,VER,Numb=Sing|Mood=Sub|Tense=Pres|Voice=Act|Person=3
frontemue,frons,NOMcom,Case=Acc|Numb=Sing
{frontemue},ue,CON,MORPH=empty
serenam,serenus,ADJqua,Case=Acc|Numb=Sing|Gend=Fem|Deg=Pos
Polluat,polluo,VER,Numb=Sing|Mood=Sub|Tense=Pres|Voice=Act|Person=3
aut,aut,CONcoo,MORPH=empty
quidquam,quisquam,PROind,Case=Nom|Numb=Sing|Gend=Neut
quo,quo1,ADVrel,Case=Abl|Numb=Sing|Gend=MascNeut
sit,sum1,VER,Numb=Sing|Mood=Sub|Tense=Pres|Voice=Act|Person=3
deformior,deformis,ADJqua,Case=Nom|Numb=Sing|Gend=MascFem|Deg=Comp
optet,opto,VER,Numb=Sing|Mood=Sub|Tense=Pres|Voice=Act|Person=3
Femina,femina,NOMcom,Case=Nom|Numb=Sing
noctiuagus,noctiuagus,ADJqua,Case=Nom|Numb=Sing|Gend=Masc
si,si2,CONsub,MORPH=empty
quam,quis2,PROind,Case=Acc|Numb=Sing|Gend=Fem
possedit,possideo,VER,Numb=Sing|Mood=Ind|Tense=Perf|Voice=Act|Person=3
adulter,adulter1,NOMcom,Case=Nom|Numb=Sing
Coniugio,coniugium,NOMcom,Case=Dat|Numb=Sing
est,sum1,VER,Numb=Sing|Mood=Ind|Tense=Pres|Voice=Act|Person=3
indigna,indignus,ADJqua,Case=Nom|Numb=Sing|Gend=Fem|Deg=Pos
uiri,uir,NOMcom,Case=Gen|Numb=Sing
quem,qui1,PROrel,Case=Acc|Numb=Sing|Gend=Masc
postea,postea,ADV,Deg=Pos
sumat,sumo,VER,Numb=Sing|Mood=Sub|Tense=Pres|Voice=Act|Person=3
Et,et2,CONcoo,MORPH=empty
quae,qui1,PROrel,Case=Nom|Numb=Plur|Gend=Neut
de,de,PRE,MORPH=empty
sensu,sensus,NOMcom,Case=Abl|Numb=Sing
quo,qui1,PROrel,Case=Abl|Numb=Sing|Gend=MascNeut
sunt,sum1,VER,Numb=Plur|Mood=Ind|Tense=Pres|Voice=Act|Person=3
diuortia,diuortium,NOMcom,Case=Nom|Numb=Plur
missa,mitto,VER,Case=Nom|Numb=Plur|Gend=Fem|Mood=Par|Tense=Perf|Voice=Pass
est,sum1,VER,Numb=Sing|Mood=Ind|Tense=Pres|Voice=Act|Person=3
Nesciat,nescio,VER,Numb=Sing|Mood=Sub|Tense=Pres|Voice=Act|Person=3
alterius,alter,PROind,Case=Gen|Numb=Sing|Gend=Com
thalamos,thalamus,NOMcom,Case=Acc|Numb=Plur
purusque,purus,ADJqua,Case=Nom|Numb=Sing|Gend=Masc|Deg=Pos
{purusque},que,CON,MORPH=empty
sacerdos,sacerdos,NOMcom,Case=Nom|Numb=Sing
Omnibus,omnis,PROind,Case=Abl|Numb=Plur|Gend=Com
in,in,PRE,MORPH=empty
rebus,res,NOMcom,Case=Abl|Numb=Plur
nitidum,nitidus,ADJqua,Case=Acc|Numb=Sing|Gend=Neut|Deg=Pos
praestabit,praesto1,VER,Numb=Sing|Mood=Ind|Tense=Fut|Voice=Act|Person=3
oliuum,oliuum,NOMcom,Case=Acc|Numb=Sing
Quo,qui2,ADVrel,Case=Abl|Numb=Sing|Gend=MascNeut
perfusa,perfundo2,VER,Case=Nom|Numb=Sing|Gend=Fem|Mood=Par|Tense=Perf|Voice=Pass
prius,prius,ADJadv.ord,Deg=Comp
sacrati,sacratus,ADJqua,Case=Gen|Numb=Sing|Gend=MascNeut|Deg=Pos
uerticis,uertex,NOMcom,Case=Gen|Numb=Sing
arx,arx,NOMcom,Case=Nom|Numb=Sing
est,sum1,VER,Numb=Sing|Mood=Ind|Tense=Pres|Voice=Act|Person=3
Huic,hic1,PROdem,Case=Dat|Numb=Sing|Gend=Com
coniunx,coniux,NOMcom,Case=Nom|Numb=Sing
de,de,PRE,MORPH=empty
gente,gens,NOMcom,Case=Abl|Numb=Sing
sua,suus,PROpos.ref,Case=Abl|Numb=Sing|Gend=Fem
conpertaque,comperio,VER,Case=Nom|Numb=Sing|Gend=Fem|Mood=Par|Tense=Perf|Voice=Pass
{conpertaque},que,CON,MORPH=empty
soli,solum1,NOMcom,Case=Dat|Numb=Sing
Haereat,haereo,VER,Numb=Sing|Mood=Sub|Tense=Pres|Voice=Act|Person=3
et,et2,CONcoo,MORPH=empty
uiduam,uiduus,NOMcom,Case=Acc|Numb=Sing|Gend=Fem|Deg=Pos
uitet,uito,VER,Numb=Sing|Mood=Sub|Tense=Pres|Voice=Act|Person=3
luxuue,luxuus,ADJqua,Case=Abl|Numb=Sing
{luxuue},ue,CON,MORPH=empty
nocentem,nocens,ADJqua,Case=Acc|Numb=Sing|Gend=MascFem|Deg=Pos
Ne,ne4,CONsub,MORPH=empty
maculosa,maculosus,ADJqua,Case=Nom|Numb=Sing|Gend=Fem|Deg=Pos
fiat,fio,VER,Numb=Sing|Mood=Sub|Tense=Pres|Voice=Act|Person=3
uetita,ueto,VER,Case=Nom|Numb=Sing|Gend=Fem|Mood=Par|Tense=Perf|Voice=Pass
de,de,PRE,MORPH=empty
matre,mater,NOMcom,Case=Abl|Numb=Sing
propago,propago1,NOMcom,Case=Nom|Numb=Sing
Et,et2,CONcoo,MORPH=empty
si,si2,CONsub,MORPH=empty
quis,quis2,PROind,Case=Nom|Numb=Sing|Gend=MascFem
uitium,uitium,NOMcom,Case=Acc|Numb=Sing
quodcumque,quicumque1,PROrel,Case=Acc|Numb=Sing|Gend=Neut
in,in,PRE,MORPH=empty
corpore,corpus,NOMcom,Case=Abl|Numb=Sing
gestat,gesto,VER,Numb=Sing|Mood=Ind|Tense=Pres|Voice=Act|Person=3
Ille,ille,PROdem,Case=Nom|Numb=Sing|Gend=Masc
haud,haud,ADVneg,MORPH=empty
dignus,dignus,ADJqua,Case=Nom|Numb=Sing|Gend=Masc|Deg=Pos
erit,sum1,VER,Numb=Sing|Mood=Ind|Tense=Fut|Voice=Act|Person=3
qui,qui1,PROrel,Case=Nom|Numb=Sing|Gend=Masc
munia,munia,NOMcom,Case=Acc|Numb=Plur
sancta,sanctus,ADJqua,Case=Acc|Numb=Plur|Gend=Neut|Deg=Pos
capessat,capesso,VER,Numb=Sing|Mood=Sub|Tense=Pres|Voice=Act|Person=3
Corpora,corpus,NOMcom,Case=Acc|Numb=Plur
pura,purus,ADJqua,Case=Acc|Numb=Plur|Gend=Neut|Deg=Pos
placent,placeo,VER,Numb=Plur|Mood=Ind|Tense=Pres|Voice=Act|Person=3
maculis,macula,NOMcom,Case=Abl|Numb=Plur
haut,haud,ADVneg,MORPH=empty
inlita,illino,VER,Case=Acc|Numb=Sing|Gend=Neut|Mood=Par|Tense=Perf|Voice=Pass
foedis,foedus2,ADJqua,Case=Abl|Numb=Plur|Gend=Com|Deg=Pos
Femineus,femineus,NOMpro,Case=Nom|Numb=Sing|Gend=Masc|Deg=Pos
quae,qui1,PROrel,Case=Acc|Numb=Sing|Gend=Neut
luxus,luxus1,NOMcom,Case=Nom|Numb=Sing
habet,habeo,VER,Numb=Sing|Mood=Ind|Tense=Pres|Voice=Act|Person=3
cum,cum3,CONsub,MORPH=empty
uota,uotum,NOMcom,Case=Acc|Numb=Plur
sacrantur,sacro,VER,Numb=Plur|Mood=Ind|Tense=Pres|Voice=Pass|Person=3
Quae,qui1,PROrel,Case=Acc|Numb=Plur|Gend=Neut
captu,captus,NOMcom,Case=Abl|Numb=Sing
pro,pro1,PRE,MORPH=empty
quisque,quisque2,PROind,Case=Nom|Numb=Sing|Gend=MascFem
suo,suus,PROpos.ref,Case=Abl|Numb=Sing|Gend=MascNeut
deuouit,deuoueo,VER,Numb=Sing|Mood=Ind|Tense=Perf|Voice=Act|Person=3
ad,ad2,PRE,MORPH=empty
altar,altar,NOMcom,Case=Acc|Numb=Sing
Quin,quin1,ADV,Deg=Pos
et,et1,ADV,Deg=Pos
uela,uelum,NOMcom,Case=Acc|Numb=Plur
simul,simul1,ADV,Deg=Pos
nequaquam,nequaquam,ADVneg,MORPH=empty
iungere,iungo,VER,Mood=Inf|Tense=Pres|Voice=Act
fas,fas,NOMcom,Case=Ind
est,sum1,VER,Numb=Sing|Mood=Ind|Tense=Pres|Voice=Act|Person=3
Nam,nam,CONcoo,MORPH=empty
maculis,macula,NOMcom,Case=Abl|Numb=Plur
sordent,sordeo,VER,Numb=Plur|Mood=Ind|Tense=Pres|Voice=Act|Person=3
purus,purus,ADJqua,Case=Nom|Numb=Sing|Gend=Masc|Deg=Pos
est,sum1,VER,Numb=Sing|Mood=Ind|Tense=Pres|Voice=Act|Person=3
rector,rector,NOMcom,Case=Nom|Numb=Sing
in,in,PRE,MORPH=empty
altis,altus,ADJqua,Case=Abl|Numb=Plur|Gend=Com|Deg=Pos
Filia,filia,NOMcom,Case=Nom|Numb=Sing
sanctifici,sanctificus,ADJqua,Case=Gen|Numb=Sing
fuerit,sum1,VER,Numb=Sing|Mood=Sub|Tense=Perf|Voice=Act|Person=3
si,si2,CONsub,MORPH=empty
tradita,trado,VER,Case=Acc|Numb=Sing|Gend=Neut|Mood=Par|Tense=Perf|Voice=Pass
uatis,uates,NOMcom,Case=Gen|Numb=Sing
Externi,externus,ADJqua,Case=Gen|Numb=Sing|Gend=MascNeut|Deg=Pos
sub,sub,PRE,MORPH=empty
iura,ius1,NOMcom,Case=Acc|Numb=Plur
uiri,uir,NOMcom,Case=Gen|Numb=Sing
libamina,libamen,NOMcom,Case=Acc|Numb=Plur
prima,primus,ADJord,Case=Acc|Numb=Plur|Gend=Neut|Deg=Sup
Nequaquam,nequaquam,ADVneg,MORPH=empty
contingat,contingo1,VER,Numb=Sing|Mood=Sub|Tense=Pres|Voice=Act|Person=3
edens,edo1,VER,Case=Nom|Numb=Sing|Gend=Com|Mood=Par|Tense=Pres|Voice=Act
si,si2,CONsub,MORPH=empty
coniuge,coniux,NOMcom,Case=Abl|Numb=Sing
functo,fungor,VER,Case=Abl|Numb=Sing|Gend=MascNeut|Mood=Par|Tense=Perf|Voice=Dep
Aedibus,aedes,NOMcom,Case=Abl|Numb=Plur
in,in,PRE,MORPH=empty
patriis,patrius,ADJqua,Case=Abl|Numb=Plur|Gend=Com|Deg=Pos
coepit,coepio,VER,Numb=Sing|Mood=Ind|Tense=Perf|Voice=Act|Person=3
consistere,consisto,VER,Mood=Inf|Tense=Pres|Voice=Act
sumat,sumo,VER,Numb=Sing|Mood=Sub|Tense=Pres|Voice=Act|Person=3
Quem,qui1,PROrel,Case=Acc|Numb=Sing|Gend=Masc
genitor,genitor,NOMcom,Case=Nom|Numb=Sing
secura,securus,ADJqua,Case=Acc|Numb=Sing|Gend=Fem|Deg=Pos
cibum,cibus,NOMcom,Case=Acc|Numb=Sing
panemque,panis,NOMcom,Case=Acc|Numb=Sing
{panemque},que,CON,MORPH=empty
uicissim,uicissim,ADV,Deg=Pos
Quod,quod1,CONcoo,MORPH=empty
si,si2,CONsub,MORPH=empty
sancta,sanctus,ADJqua,Case=Abl|Numb=Sing|Gend=Fem|Deg=Pos
manu,manus1,NOMcom,Case=Abl|Numb=Sing
quicumque,quicumque1,PROrel,Case=Nom|Numb=Sing|Gend=Masc
admouerit,admoueo,VER,Numb=Sing|Mood=Ind|Tense=FutAnt|Voice=Act|Person=3
ori,os1,NOMcom,Case=Dat|Numb=Sing
Nescius,nescius,ADJqua,Case=Nom|Numb=Sing|Gend=Masc|Deg=Pos
ob,ob,PRE,MORPH=empty
culpam,culpa,NOMcom,Case=Acc|Numb=Sing
quintas,quintus,ADJord,Case=Acc|Numb=Plur|Gend=Fem|Deg=Pos
deportet,deporto,VER,Numb=Sing|Mood=Sub|Tense=Pres|Voice=Act|Person=3
ad,ad2,PRE,MORPH=empty
altar,altar,NOMcom,Case=Acc|Numb=Sing
Pendeat,pendeo,VER,Numb=Sing|Mood=Sub|Tense=Pres|Voice=Act|Person=3
ante,ante2,PRE,MORPH=empty
tholum,tholus,NOMcom,Case=Acc|Numb=Sing
lychnus,lychnus,NOMcom,Case=Nom|Numb=Sing
laquearibus,laquear,VER,Case=Abl|Numb=Plur
altis,altus,ADJqua,Case=Abl|Numb=Plur|Gend=Com|Deg=Pos
Noctibus,nox,NOMcom,Case=Abl|Numb=Plur
ut,ut4,CONsub,MORPH=empty
praestet,praesto1,VER,Numb=Sing|Mood=Sub|Tense=Pres|Voice=Act|Person=3
flammatum,flammo,VER,Case=Acc|Numb=Sing|Gend=Neut|Mood=Par|Tense=Perf|Voice=Pass
lumen,lumen,NOMcom,Case=Acc|Numb=Sing
oliuum,oliuum,NOMcom,Case=Acc|Numb=Sing
Ne,ne4,CONsub,MORPH=empty
decursa,decurro,VER,Case=Nom|Numb=Sing|Gend=Fem|Mood=Par|Tense=Perf|Voice=Pass
dies,dies,NOMcom,Case=Nom|Numb=Sing
pallentes,pallens,ADJqua,Case=Acc|Numb=Plur|Gend=MascFem|Deg=Pos
misceat,misceo,VER,Numb=Sing|Mood=Sub|Tense=Pres|Voice=Act|Person=3
umbras,umbra,NOMcom,Case=Acc|Numb=Plur
Aedibus,aedes,NOMcom,Case=Abl|Numb=Plur
in,in,PRE,MORPH=empty
domini,dominus,NOMcom,Case=Gen|Numb=Sing
sanctaque,sanctus,ADJqua,Case=Acc|Numb=Plur|Gend=Neut|Deg=Pos
{sanctaque},que,CON,MORPH=empty
altaria,altar,NOMcom,Case=Acc|Numb=Plur
condat,condo,VER,Numb=Sing|Mood=Sub|Tense=Pres|Voice=Act|Person=3
Haec,hic1,PROdem,Case=Nom|Numb=Plur|Gend=Neut
inter,inter,PRE,MORPH=empty
calido,calidus,ADJqua,Case=Abl|Numb=Sing|Gend=MascNeut|Deg=Pos
iuuenes,iuuenis1,NOMcom,Case=Nom|Numb=Plur
duo,duo,ADJcar,Case=Nom|Numb=Plur|Gend=MascNeut
felle,fel,NOMcom,Case=Abl|Numb=Sing
mouentur,moueo,VER,Numb=Plur|Mood=Ind|Tense=Pres|Voice=Pass|Person=3
Hic,hic1,PROdem,Gend=Masc
Hebraeus,Hebraeus,ADJqua,Case=Nom|Numb=Sing|Gend=Masc|Deg=Pos
erat,sum1,VER,Numb=Sing|Mood=Ind|Tense=Impa|Voice=Act|Person=3
alius,alius,PROind,Case=Nom|Numb=Sing|Gend=Masc
generatus,genero,VER,Case=Nom|Numb=Sing|Gend=Masc|Mood=Par|Tense=Perf|Voice=Pass
Aegypto,Aegyptus,NOMpro,Case=Abl|Numb=Sing
Dumque,dum,CONsub,MORPH=empty
{Dumque},que,CON,MORPH=empty
alterna,alternus,ADJqua,Case=Acc|Numb=Plur|Gend=Neut|Deg=Pos
sibi,sui1,PROref,Case=Dat|Numb=Sing
dicunt,dico2,VER,Numb=Plur|Mood=Ind|Tense=Pres|Voice=Act|Person=3
maledicta,maledictum,NOMcom,Case=Acc|Numb=Plur
frementes,fremo,VER,Case=Nom|Numb=Plur|Gend=MascFem|Mood=Par|Tense=Pres|Voice=Act
Inmensum,immensus,ADJqua,Case=Acc|Numb=Sing|Gend=MascNeut|Deg=Pos
domini,dominus,NOMcom,Case=Gen|Numb=Sing
nomen,nomen,NOMcom,Case=Acc|Numb=Sing
fuscare,fusco,VER,MORPH=empty
querella,querela,NOMcom,Case=Abl|Numb=Sing
Non,non,ADVneg,MORPH=empty
timuit,timeo,VER,Numb=Sing|Mood=Ind|Tense=Perf|Voice=Act|Person=3
Iudaeus,Iudaeus,NOMpro,Case=Nom|Numb=Sing
iners,iners,ADJqua,Case=Nom|Numb=Sing|Gend=Com|Deg=Pos
dum,dum2,CONsub,MORPH=empty
ducitur,duco,VER,Numb=Sing|Mood=Ind|Tense=Pres|Voice=Pass|Person=3
ira,ira,NOMcom,Case=Abl|Numb=Sing
Quod,qui1,CONsub,Case=Acc|Numb=Sing|Gend=Neut
facinus,facinus,NOMcom,Case=Nom|Numb=Sing
propter,propter2,PRE,MORPH=empty
castrorum,castra2,NOMcom,Case=Gen|Numb=Plur
ex,ex,PRE,MORPH=empty
aggere,agger,NOMcom,Case=Abl|Numb=Sing
tractus,traho,VER,Case=Nom|Numb=Sing|Gend=Masc|Mood=Par|Tense=Perf|Voice=Pass
Et,et2,CONcoo,MORPH=empty
positus,pono,VER,Case=Nom|Numb=Sing|Gend=Masc|Mood=Par|Tense=Perf|Voice=Pass
campi,campus1,NOMcom,Case=Gen|Numb=Sing
medio,medius,ADJqua,Case=Abl|Numb=Sing|Gend=MascNeut|Deg=Pos
mandante,mando2,VER,Case=Abl|Numb=Sing|Gend=Com|Mood=Par|Tense=Pres|Voice=Act
loquella,loquela,NOMcom,Case=Abl|Numb=Sing
Sublimis,sublimis,ADJqua,Case=Nom|Numb=Sing|Gend=Com|Deg=Pos
domini,dominus,NOMcom,Case=Gen|Numb=Sing
saxorum,saxum,NOMcom,Case=Gen|Numb=Plur
concidit,concido1,VER,Numb=Sing|Mood=Ind|Tense=Pres|Voice=Act|Person=3
ictu,ictus,NOMcom,Case=Abl|Numb=Sing
Percurrit,percurro,VER,Numb=Sing|Mood=Ind|Tense=Pres|Voice=Act|Person=3
pia,pius,ADJqua,Case=Acc|Numb=Plur|Gend=Neut|Deg=Pos
iura,ius1,NOMcom,Case=Acc|Numb=Plur
deus,deus,NOMcom,Case=Nom|Numb=Sing
atque,atque1,CONcoo,MORPH=empty
omnia,omnis,PROind,Case=Acc|Numb=Plur|Gend=Neut
pandit,pando2,VER,Numb=Sing|Mood=Ind|Tense=Pres|Voice=Act|Person=3
Indigus,indigus,ADJqua,Case=Nom|Numb=Sing|Gend=Masc|Deg=Pos
alterius,alter,PROind,Case=Gen|Numb=Sing|Gend=Com
quotiens,quotiens1,ADVrel,MORPH=empty
uult,uolo3,VER,Numb=Sing|Mood=Ind|Tense=Pres|Voice=Act|Person=3
sumere,sumo,VER,Mood=Inf|Tense=Pres|Voice=Act
nummos,numus,NOMcom,Case=Acc|Numb=Plur
Pignore,pignus,NOMcom,Case=Abl|Numb=Sing
deposito,depono,VER,Case=Abl|Numb=Sing|Gend=MascNeut|Mood=Par|Tense=Perf|Voice=Pass
si,si2,CONsub,MORPH=empty
rus,rus,NOMcom,Case=Acc|Numb=Sing
addixerit,addico2,VER,Numb=Sing|Mood=Sub|Tense=Perf|Voice=Act|Person=3
illi,ille,PROdem,Case=Dat|Numb=Sing|Gend=Masc
Cuius,qui1,PROrel,Case=Gen|Numb=Sing|Gend=Com
poscit,posco,VER,Numb=Sing|Mood=Ind|Tense=Pres|Voice=Act|Person=3
opem,ops,NOMcom,Case=Acc|Numb=Sing
reddat,reddo,VER,Numb=Sing|Mood=Sub|Tense=Pres|Voice=Act|Person=3
sibi,sui1,PROref,Case=Dat|Numb=Sing
credita,credo,VER,Case=Nom|Numb=Sing|Gend=Fem|Mood=Par|Tense=Perf|Voice=Pass
promptim,promptim,ADV,Deg=Pos
Cum,cum3,CONsub,MORPH=empty
fuerit,sum1,VER,Numb=Sing|Mood=Ind|Tense=FutAnt|Voice=Act|Person=3
ditata,dito,VER,Case=Nom|Numb=Sing|Gend=Fem
manus,manus1,NOMcom,Case=Nom|Numb=Sing
atque,atque1,CONcoo,MORPH=empty
illa,ille,PROdem,Case=Nom|Numb=Sing|Gend=Fem
receptet,recepto,VER,Numb=Sing|Mood=Sub|Tense=Pres|Voice=Act|Person=3
Quae,qui1,PROrel,Case=Nom|Numb=Plur|Gend=Neut
fuerant,sum1,VER,Numb=Plur|Mood=Ind|Tense=Pqp|Voice=Act|Person=3
transcripta,transcribo,VER,Case=Nom|Numb=Plur|Gend=Neut|Mood=Par|Tense=Perf|Voice=Pass
prius,prius,ADJadv.ord,Deg=Comp
in,in,PRE,MORPH=empty
perpete,perpetior,NOMcom,Case=Abl|Numb=Sing
uita,uita,NOMcom,Case=Abl|Numb=Sing
Indigus,indigus,ADJqua,Case=Nom|Numb=Sing|Gend=Masc|Deg=Pos
extiterit,exsisto,VER,Numb=Sing|Mood=Sub|Tense=Perf|Voice=Act|Person=3
illo,ille,PROdem,Case=Abl|Numb=Sing|Gend=MascNeut
fit,fio,VER,Numb=Sing|Mood=Ind|Tense=Pres|Voice=Act|Person=3
liber,liber2,ADJqua,Case=Nom|Numb=Sing|Gend=Masc|Deg=Pos
in,in,PRE,MORPH=empty
anno,annus,NOMcom,Case=Abl|Numb=Sing
Quo,qui1,PROrel,Case=Abl|Gend=MascNeut
cunctis,cunctus,ADJqua,Case=Abl|Numb=Plur|Gend=Com|Deg=Pos
est,sum1,VER,Numb=Sing|Mood=Ind|Tense=Pres|Voice=Act|Person=3
missa,mitto,VER,Case=Nom|Numb=Sing|Gend=Fem|Mood=Par|Tense=Perf|Voice=Pass
quies,quies,NOMcom,Case=Nom|Numb=Sing
et,et2,CONcoo,MORPH=empty
dulce,dulcis,ADJqua,Case=Nom|Numb=Sing|Gend=Neut|Deg=Pos
leuamen,leuamen,NOMcom,Case=Nom|Numb=Sing
Quod,quod1,CONcoo,MORPH=empty
si,si2,CONsub,MORPH=empty
forte,forte,ADV,Deg=Pos
domum,domus,NOMcom,Case=Acc|Numb=Sing
media,medius,ADJqua,Case=Abl|Numb=Sing|Gend=Fem|Deg=Pos
quis,quis2,PROind,Case=Nom|Numb=Sing|Gend=MascFem
mancipet,mancipo,VER,Numb=Sing|Mood=Ind|Tense=Fut|Voice=Act|Person=3
urbe,urbs,NOMcom,Case=Abl|Numb=Sing
Restituat,restituo,VER,Numb=Sing|Mood=Sub|Tense=Pres|Voice=Act|Person=3
hic,hic1,PROdem,Case=Nom|Numb=Sing
aera,aes,NOMcom,Case=Acc|Numb=Sing
sibi,sui1,PROref,Case=Dat|Numb=Sing
commissa,committo,VER,Case=Acc|Numb=Sing|Gend=Neut|Mood=Par|Tense=Perf|Voice=Pass
per,per,PRE,MORPH=empty
annum,annus,NOMcom,Case=Acc|Numb=Sing
Ne,ne4,CONsub,MORPH=empty
post,post1,ADV,MORPH=empty
emissum,emitto,VER,Case=Acc|Numb=Sing|Gend=MascNeut|Mood=Par|Tense=Perf|Voice=Pass
dimittat,dimitto,VER,Numb=Sing|Mood=Sub|Tense=Pres|Voice=Act|Person=3
praedia,praedium,NOMcom,Case=Acc|Numb=Plur
tempus,tempus1,NOMcom,Case=Nom|Numb=Sing
Sic,sic,ADV,Deg=Pos
tamen,tamen,ADV,Deg=Pos
orantum,oro,NOMcom,Case=Gen|Numb=Plur|Mood=Par|Tense=Pres|Voice=Act
danda,do,VER,Case=Nom|Numb=Sing|Gend=Fem|Mood=Adj|Voice=Pass
est,sum1,VER,Numb=Sing|Mood=Ind|Tense=Pres|Voice=Act|Person=3
pecunia,pecunia,NOMcom,Case=Nom|Numb=Sing
dextris,dextera,NOMcom,Case=Abl|Numb=Plur
Exigat,exigo,VER,Numb=Sing|Mood=Sub|Tense=Pres|Voice=Act|Person=3
inplicitum,implico,VER,Case=Acc|Numb=Sing|Gend=MascNeut|Mood=Par|Tense=Perf|Voice=Pass
ne,ne4,CONsub,MORPH=empty
post,post2,PRE,MORPH=empty
usura,usura,NOMcom,Case=Acc|Numb=Sing|Mood=Par|Tense=Fut|Voice=Dep
lucellum,lucellum,NOMcom,Case=Acc|Numb=Sing
Quisquis,quisquis1,PROrel,Case=Nom|Numb=Sing|Gend=MascFem
inops,inops,ADJqua,Case=Nom|Numb=Sing|Gend=Com|Deg=Pos
tenuem,tenuis,ADJqua,Case=Acc|Numb=Sing|Gend=MascFem|Deg=Pos
uitae,uita,NOMcom,Case=Gen|Numb=Sing
non,non,ADVneg,MORPH=empty
sustinet,sustineo,VER,Numb=Sing|Mood=Ind|Tense=Pres|Voice=Act|Person=3
usum,usus,NOMcom,Case=Acc|Numb=Sing
Ac,ac1,CONcoo,MORPH=empty
duros,durus,ADJqua,Case=Acc|Numb=Plur|Gend=Masc|Deg=Pos
perferre,perfero,VER,Mood=Inf|Tense=Pres|Voice=Act
dies,dies,NOMcom,Case=Acc|Numb=Plur
meliusque,bonus,ADV,Deg=Comp
{meliusque},que,CON,MORPH=empty
putabit,puto,VER,Numb=Sing|Mood=Ind|Tense=Fut|Voice=Act|Person=3
Subdere,subdo,VER,Mood=Inf|Tense=Pres|Voice=Act
se,sui1,PROref,Case=Acc|Numb=Sing
domino,dominus,NOMcom,Case=Dat|Numb=Sing
iam,iam,ADV,Deg=Pos
libertate,libertas,NOMcom,Case=Abl|Numb=Sing
remota,remoueo,VER,Case=Abl|Numb=Sing|Gend=Fem
Non,non,ADVneg,MORPH=empty
ferat,fero,VER,Numb=Sing|Mood=Sub|Tense=Pres|Voice=Act|Person=3
ille,ille,PROdem,Case=Nom|Numb=Sing|Gend=Masc
iugum,iugum,NOMcom,Case=Acc|Numb=Sing
ueluti,uelut1,ADVrel,MORPH=empty
de,de,PRE,MORPH=empty
serua,seruus1,NOMcom,Case=Abl|Numb=Sing
creatus,creo,VER,Case=Nom|Numb=Sing|Gend=Masc|Mood=Par|Tense=Perf|Voice=Pass
Sed,sed,CONcoo,MORPH=empty
uelut,uelut1,ADVrel,MORPH=empty
adscitus,ascisco,VER,Case=Nom|Numb=Sing|Gend=Masc|Mood=Par|Tense=Perf|Voice=Pass
positae,pono,VER,Case=Gen|Numb=Sing|Gend=Fem|Mood=Par|Tense=Perf|Voice=Pass
mercedis,merces,NOMcom,Case=Gen|Numb=Sing
ad,ad2,PRE,MORPH=empty
actum,ago,NOMcom,Case=Acc|Numb=Sing
Donec,donec,CONsub,MORPH=empty
decurso,decurro,VER,Case=Abl|Numb=Sing|Gend=MascNeut|Mood=Par|Tense=Perf|Voice=Pass
redeat,redeo1,VER,Numb=Sing|Mood=Sub|Tense=Pres|Voice=Act|Person=3
iam,iam,ADV,Deg=Pos
tempore,tempus1,NOMcom,Case=Abl|Numb=Sing
liber,liber1,NOMcom,Case=Nom|Numb=Sing|Gend=Masc|Deg=Pos
Quo,quo2,ADVrel,Numb=Sing|Gend=MascNeut
cunctis,cunctus,ADJqua,Case=Abl|Numb=Plur|Gend=Com|Deg=Pos
concessa,concedo1,VER,Case=Nom|Numb=Plur|Gend=Neut|Mood=Par|Tense=Perf|Voice=Pass
simul,simul1,ADV,Deg=Pos
sunt,sum1,VER,Numb=Plur|Mood=Ind|Tense=Pres|Voice=Act|Person=3
otia,otium,NOMcom,Case=Nom|Numb=Plur
rebus,res,NOMcom,Case=Abl|Numb=Plur
Ac,ac1,CONcoo,MORPH=empty
si,si2,CONsub,MORPH=empty
ceu,ceu1,ADVrel,MORPH=empty
domini,dominus,NOMcom,Case=Gen|Numb=Sing
imperio,imperium,NOMcom,Case=Abl|Numb=Sing
distractus,distraho,VER,Case=Nom|Numb=Sing|Gend=Masc|Mood=Par|Tense=Perf|Voice=Pass
abibit,abeo1,VER,Numb=Sing|Mood=Ind|Tense=Fut|Voice=Act|Person=3
Proximus,propior,ADJqua,Case=Nom|Numb=Sing|Gend=Masc|Deg=Pos
hunc,hic1,PROdem,Case=Acc|Numb=Sing|Gend=Masc
redimat,redimo,VER,Numb=Sing|Mood=Sub|Tense=Pres|Voice=Act|Person=3
aut,aut,CONcoo,MORPH=empty
si,si2,CONsub,MORPH=empty
non,non,ADVneg,MORPH=empty
adfuit,assum1,VER,Numb=Sing|Mood=Ind|Tense=Perf|Voice=Act|Person=3
ille,ille,PROdem,Case=Nom|Numb=Sing|Gend=Masc
Contribulis,contribulus,NOMcom,Case=Abl|Numb=Plur
quicumque,quicumque1,PROrel,Case=Nom|Numb=Sing|Gend=Masc
sui,suus,PROpos.ref,Case=Gen|Numb=Sing|Gend=MascNeut
commercia,commercium,NOMcom,Case=Acc|Numb=Plur
fratris,frater,NOMcom,Case=Gen|Numb=Sing
Iussus,iubeo,VER,Case=Nom|Numb=Sing|Mood=Par|Tense=Perf|Voice=Pass
agat,ago,VER,Numb=Sing|Mood=Sub|Tense=Pres|Voice=Act|Person=3
iugumque,iugum,NOMcom,Case=Acc|Numb=Sing
{iugumque},que,CON,MORPH=empty
uiro,uir,NOMcom,Case=Dat|Numb=Sing
seruile,seruilis,ADJqua,Case=Acc|Numb=Sing|Gend=Neut|Deg=Pos
sequestret,sequor,VER,Numb=Sing|Mood=Sub|Tense=Pres|Voice=Act|Person=3
Nam,nam,CONcoo,MORPH=empty
si,si2,CONsub,MORPH=empty
legitimo,legitimus,ADJqua,Case=Abl|Numb=Sing|Gend=MascNeut|Deg=Pos
fuerit,sum1,VER,Numb=Sing|Mood=Ind|Tense=FutAnt|Voice=Act|Person=3
diuenditus,diuendo,VER,Case=Nom|Numb=Sing|Gend=Masc|Deg=Pos|Mood=Par|Tense=Perf|Voice=Pass
aere,aes,NOMcom,Case=Abl|Numb=Sing
Seruiet,seruio,VER,Numb=Sing|Mood=Ind|Tense=Fut|Voice=Act|Person=3
optato,optatus,ADJqua,Case=Abl|Numb=Sing|Gend=MascNeut|Deg=Pos
ueniat,uenio,VER,Numb=Sing|Mood=Sub|Tense=Pres|Voice=Act|Person=3
dum,dum2,CONsub,MORPH=empty
tempus,tempus1,NOMcom,Case=Acc|Numb=Sing
in,in,PRE,MORPH=empty
anno,annus,NOMcom,Case=Abl|Numb=Sing
Quo,qui2,ADVrel,Case=Abl|Numb=Sing|Gend=MascNeut
cuncti,cunctus,ADJqua,Case=Nom|Numb=Plur|Gend=Masc|Deg=Pos
sua,suus,PROpos.ref,Case=Nom|Numb=Plur|Gend=Neut
iura,ius1,NOMcom,Case=Nom|Numb=Plur
simul,simul3,CONsub,Deg=Pos
dimissa,dimitto,VER,Case=Nom|Numb=Plur|Gend=Neut|Mood=Par|Tense=Perf|Voice=Pass
resumunt,resumo,VER,Numb=Plur|Mood=Ind|Tense=Pres|Voice=Act|Person=3
Aut,aut,CONcoo,MORPH=empty
si,si2,CONsub,MORPH=empty
parua,paruus2,ADJqua,Case=Nom|Numb=Sing|Gend=Fem|Deg=Pos
fuit,sum1,VER,Numb=Sing|Mood=Ind|Tense=Perf|Voice=Act|Person=3
annorum,annus,NOMcom,Case=Gen|Numb=Plur
summa,superus,ADJqua,Case=Nom|Numb=Sing|Gend=Fem|Deg=Sup
labore,labor1,NOMcom,Case=Abl|Numb=Sing
Conpleat,compleo,VER,Numb=Sing|Mood=Sub|Tense=Pres|Voice=Act|Person=3
hanc,hic1,PROdem,Case=Acc|Numb=Sing|Gend=Fem
proprio,proprius,ADJqua,Case=Abl|Numb=Sing|Gend=MascNeut|Deg=Pos
manuum,manus1,NOMcom,Case=Gen|Numb=Plur
quem,qui1,PROrel,Case=Acc|Numb=Sing|Gend=Masc
praestitit,praesto1,VER,Numb=Sing|Mood=Ind|Tense=Perf|Voice=Act|Person=3
actu,actus1,NOMcom,Case=Abl|Numb=Sing
Sic,sic,ADV,Deg=Pos
abeat,abeo1,VER,Numb=Sing|Mood=Sub|Tense=Pres|Voice=Act|Person=3
quocumque,quocumque1,ADVrel,MORPH=empty
uolet,uolo3,VER,Numb=Sing|Mood=Ind|Tense=Fut|Voice=Act|Person=3
secumque,sui,PROref,Case=Abl|Numb=Sing
{secumque},cum3,CON,MORPH=empty
{secumque},que,CON,MORPH=empty
reducat,reduco,VER,Numb=Sing|Mood=Sub|Tense=Pres|Voice=Act|Person=3
Libera,liber2,ADJqua,Case=Nom|Numb=Sing|Gend=Fem
securos,securus,ADJqua,Case=Acc|Numb=Plur|Gend=Masc|Deg=Pos
pariter,pariter,ADV,Deg=Pos
cum,cum2,PRE,MORPH=empty
coniuge,coniux,NOMcom,Case=Abl|Numb=Sing
natos,natus1,NOMcom,Case=Acc|Numb=Plur|Gend=Masc
Talia,talis,PROdem,Case=Nom|Numb=Plur|Gend=Neut
sincero,sincerus,ADJqua,Case=Abl|Numb=Sing|Gend=MascNeut|Deg=Pos
condentem,condo,VER,Case=Acc|Numb=Sing|Gend=MascFem|Mood=Par|Tense=Pres|Voice=Act
pectore,pectus,NOMcom,Case=Abl|Numb=Sing
iussa,iussum,NOMcom,Case=Nom|Numb=Plur
Pax,Pax,NOMcom,Case=Nom|Numb=Sing
tranquilla,tranquillus,ADJqua,Case=Nom|Numb=Sing|Gend=Fem|Deg=Pos
manet,maneo,VER,Numb=Sing|Mood=Ind|Tense=Pres|Voice=Act|Person=3
nullo,nullus,PROind,Case=Abl|Numb=Sing|Gend=MascNeut
quam,quam1,ADVrel,MORPH=empty
bella,bellum,NOMcom,Case=Nom|Numb=Plur
tumultu,tumultus,NOMcom,Case=Abl|Numb=Sing
Proturbare,proturbo2,VER,Mood=Inf|Tense=Pres|Voice=Act
queunt,queo,VER,Numb=Plur|Mood=Ind|Tense=Pres|Voice=Act|Person=3
longos,longus,ADJqua,Case=Acc|Numb=Plur|Gend=Masc|Deg=Pos
sed,sed,CONcoo,MORPH=empty
missa,mitto,VER,Case=Nom|Numb=Plur|Gend=Neut|Mood=Par|Tense=Perf|Voice=Pass
per,per,PRE,MORPH=empty
annos,annus,NOMcom,Case=Acc|Numb=Plur
Otia,Otius,NOMcom,Case=Nom|Numb=Plur
multimodo,multimodus,ADJqua,Case=Abl|Numb=Sing|Gend=MascNeut|Deg=Pos
conplebunt,compleo,VER,Numb=Plur|Mood=Ind|Tense=Fut|Voice=Act|Person=3
horrea,horreum,NOMcom,Case=Nom|Numb=Plur|Gend=Neut
fructu,fructus,NOMcom,Case=Abl|Numb=Sing
Quin,quin1,ADV,Deg=Pos
etiam,etiam,ADV,Deg=Pos
si,si2,CONsub,MORPH=empty
tela,telum,NOMcom,Case=Acc|Numb=Plur
ferox,ferox,ADJqua,Case=Nom|Numb=Sing|Gend=Com|Deg=Pos
destrinxerit,destringo,VER,Numb=Sing|Mood=Ind|Tense=FutAnt|Voice=Act|Person=3
hostis,hostis,NOMcom,Case=Nom|Numb=Sing
Exigua,exiguus,ADJqua,Case=Abl|Numb=Sing|Gend=Fem|Deg=Pos
bellante,bello,VER,Case=Abl|Numb=Sing|Gend=Com|Mood=Par|Tense=Pres|Voice=Act
manu,manus1,NOMcom,Case=Abl|Numb=Sing
detrusus,detrudo,VER,Case=Nom|Numb=Sing|Gend=Masc|Mood=Par|Tense=Perf|Voice=Pass
abibit,abeo1,VER,Numb=Sing|Mood=Ind|Tense=Fut|Voice=Act|Person=3
Quam,quam1,ADVrel,Numb=Sing|Gend=Fem
libet,libet,VER,Numb=Sing|Mood=Sub|Tense=Pres|Voice=Act|Person=3
inmensas,immensus,ADJqua,Case=Acc|Numb=Plur|Gend=Fem|Deg=Pos
acies,acies,NOMcom,Case=Acc|Numb=Plur
in,in,PRE,MORPH=empty
proelia,proelium,NOMcom,Case=Acc|Numb=Plur
ducat,duco,VER,Numb=Sing|Mood=Sub|Tense=Pres|Voice=Act|Person=3
Ast,at2,CONcoo,MORPH=empty
illum,ille,PROdem,Case=Acc|Numb=Sing|Gend=Masc
qui,qui1,PROrel,Case=Nom|Numb=Sing|Gend=Masc
iussa,iussum,NOMcom,Case=Acc|Numb=Plur
dei,deus,NOMcom,Case=Gen|Numb=Sing
sublimia,sublimis,ADJqua,Case=Acc|Numb=Plur|Gend=Neut|Deg=Pos
uitat,uito,VER,Numb=Sing|Mood=Ind|Tense=Pres|Voice=Act|Person=3
Mortis,Mors,NOMcom,Case=Gen|Numb=Sing
terror,terror,NOMcom,Case=Nom|Numb=Sing
aget,ago,VER,Numb=Sing|Mood=Ind|Tense=Fut|Voice=Act|Person=3
ceu,ceu1,ADVrel,MORPH=empty
ferrum,ferrum,NOMcom,Case=Acc|Numb=Sing
torqueat,torqueo,VER,Numb=Sing|Mood=Sub|Tense=Pres|Voice=Act|Person=3
hostis,hostis,NOMcom,Case=Nom|Numb=Sing
Praecipitique,praeceps,ADJqua,Case=Abl|Numb=Sing|Gend=Com|Deg=Pos
{Praecipitique},que,CON,MORPH=empty
fuga,fuga,NOMcom,Case=Abl|Numb=Sing
trepida,trepidus,ADJqua,Case=Abl|Numb=Sing|Gend=Fem|Deg=Pos
condetur,condo,VER,Numb=Sing|Mood=Ind|Tense=Fut|Voice=Pass|Person=3
in,in,PRE,MORPH=empty
urbe,urbs,NOMcom,Case=Abl|Numb=Sing
Hinc,hinc,ADV,Deg=Pos
postrema,posterus,ADJqua,Case=Nom|Numb=Sing|Gend=Fem|Deg=Sup
fames,fames,NOMcom,Case=Nom|Numb=Sing
morbis,morbus,NOMcom,Case=Abl|Numb=Plur
pallentibus,pallens,VER,Case=Abl|Numb=Plur|Gend=Com|Mood=Par|Tense=Pres|Voice=Act
illum,ille,PROdem,Case=Acc|Numb=Sing|Gend=Masc
Ambiet,ambio,VER,Numb=Sing|Mood=Ind|Tense=Fut|Voice=Act|Person=3
et,et2,CONcoo,MORPH=empty
saturus,satur,VER,Case=Nom|Numb=Sing|Gend=Masc
quamuis,quamuis2,CONsub,MORPH=empty
ieiuna,ieiunus,ADJqua,Case=Acc|Numb=Plur|Gend=Neut|Deg=Pos
putabit,puto,VER,Numb=Sing|Mood=Ind|Tense=Fut|Voice=Act|Person=3
Ora,os1,NOMcom,Case=Acc|Numb=Plur
sibi,sui1,PROref,Case=Dat|Numb=Sing
semperque,semper,ADV,Deg=Pos
{semperque},que,CON,MORPH=empty
metu,metus,NOMcom,Case=Abl|Numb=Sing
redeunte,redeo1,VER,Case=Abl|Numb=Sing|Gend=Com|Mood=Par|Tense=Pres|Voice=Act
timebit,timeo,VER,Numb=Sing|Mood=Ind|Tense=Fut|Voice=Act|Person=3
Ac,ac1,CONcoo,MORPH=empty
si,si2,CONsub,MORPH=empty
conlibitum,collibet,VER,Numb=Sing|Gend=Neut|Mood=Par|Tense=Fut|Voice=Pass
portis,porta,NOMcom,Case=Abl|Numb=Plur
bipatentibus,bipatens,ADJqua,Case=Abl|Numb=Plur|Gend=Com|Deg=Pos
ire,eo1,VER,Mood=Inf|Tense=Pres|Voice=Act
Quo,quo2,ADVrel,MORPH=empty
sensus,sensus,NOMcom,Case=Acc|Numb=Plur
duxere,duco,VER,Numb=Plur|Mood=Ind|Tense=Perf|Voice=Act|Person=3
sui,suus,PROref,Case=Gen|Numb=Sing
hunc,hic1,PROdem,Case=Acc|Numb=Sing|Gend=Masc
maesta,maestus,ADJqua,Case=Nom|Numb=Sing|Gend=Fem|Deg=Pos
per,per,PRE,MORPH=empty
agros,ager,NOMcom,Case=Acc|Numb=Plur
Vndique,undique,ADV,Deg=Pos
desertos,desero2,VER,Case=Acc|Numb=Plur|Gend=Masc
heremus,heres,VER,Case=Nom|Numb=Plur
confundet,confundo2,VER,Numb=Sing|Mood=Ind|Tense=Fut|Voice=Act|Person=3
euntem,eo1,VER,Case=Acc|Numb=Sing|Gend=MascFem|Mood=Par|Tense=Pres|Voice=Act
Raptoresque,raptor,NOMcom,Case=Acc|Numb=Plur
{Raptoresque},que,CON,MORPH=empty
lupos,lupus,NOMcom,Case=Acc|Numb=Plur
et,et2,CONcoo,MORPH=empty
quae,qui1,PROrel,Case=Nom|Numb=Plur|Gend=Neut
sunt,sum1,VER,Numb=Plur|Mood=Ind|Tense=Pres|Voice=Act|Person=3
dente,dens,NOMcom,Case=Abl|Numb=Sing
uel,uel2,CONcoo,MORPH=empty
ungui,unguis,NOMcom,Case=Abl|Numb=Sing
Terribiles,terribilis,ADJqua,Case=Nom|Numb=Plur|Gend=MascFem|Deg=Pos
per,per,PRE,MORPH=empty
rura,rus,NOMcom,Case=Acc|Numb=Plur
ferae,fera,NOMcom,Case=Nom|Numb=Sing
plus,multum2,ADV,Case=Acc|Deg=Comp
triste,tristis,ADJqua,Case=Acc|Numb=Sing|Gend=Neut|Deg=Pos
timebit,timeo,VER,Numb=Sing|Mood=Ind|Tense=Fut|Voice=Act|Person=3
Et,et2,CONcoo,MORPH=empty
quamuis,quamuis2,CONsub,MORPH=empty
pingui,pinguis,ADJqua,Case=Abl|Numb=Sing|Gend=Com|Deg=Pos
generetur,genero,VER,Numb=Sing|Mood=Sub|Tense=Pres|Voice=Pass|Person=3
caespite,caespes,NOMcom,Case=Abl|Numb=Sing
terrae,terra,NOMcom,Case=Gen|Numb=Sing
Verna,uernus,ADJqua,Case=Nom|Numb=Sing|Gend=Fem|Deg=Pos
seges,seges,NOMcom,Case=Nom|Numb=Sing
teneras,tener,ADJqua,Case=Acc|Numb=Plur|Gend=Fem|Deg=Pos
culmis,culmus,NOMcom,Case=Abl|Numb=Plur
non,non,ADVneg,MORPH=empty
promet,promo,VER,Numb=Sing|Mood=Ind|Tense=Fut|Voice=Act|Person=3
aristas,arista,NOMcom,Case=Acc|Numb=Plur
Natorum,natus1,NOMcom,Case=Gen|Numb=Plur
tum,tum,ADV,Deg=Pos
membra,membrum,NOMcom,Case=Acc|Numb=Plur
pater,pater,NOMcom,Case=Nom|Numb=Sing
ceu,ceu2,CONsub,MORPH=empty
dulcia,dulcis,ADJqua,Case=Acc|Numb=Plur|Gend=Neut|Deg=Pos
morsu,morsus,NOMcom,Case=Abl|Numb=Sing
Adpetet,appeto,VER,Numb=Sing|Mood=Ind|Tense=Fut|Voice=Act|Person=3
atque,atque1,CONcoo,MORPH=empty
fame,fames,NOMcom,Case=Abl|Numb=Sing
genetrix,genetrix,NOMcom,Case=Nom|Numb=Sing
demittet,demitto,VER,Numb=Sing|Mood=Ind|Tense=Fut|Voice=Act|Person=3
ad,ad2,PRE,MORPH=empty
aluum,aluus,NOMcom,Case=Acc|Numb=Sing
Quod,qui1,PROrel,Case=Acc|Numb=Sing
genuit,gigno,VER,Numb=Sing|Mood=Ind|Tense=Perf|Voice=Act|Person=3
fecunda,fecundus,ADJqua,Case=Acc|Numb=Plur|Gend=Neut|Deg=Pos
prius,prius,ADJadv.ord,Deg=Comp
tum,tum,ADV,Deg=Pos
uincula,uinculum,NOMcom,Case=Acc|Numb=Plur
captis,capio2,VER,Case=Dat|Numb=Plur|Gend=Com|Mood=Par|Tense=Perf|Voice=Pass
Inponet,impono,VER,Numb=Sing|Mood=Ind|Tense=Fut|Voice=Act|Person=3
iam,iam,ADV,Deg=Pos
uictor,uictor,NOMcom,Case=Nom|Numb=Sing
ouans,ouo,VER,Case=Nom|Numb=Sing|Gend=Com|Mood=Par|Tense=Pres|Voice=Act
flammaeque,flamma,NOMcom,Case=Nom|Numb=Plur
{flammaeque},que,CON,MORPH=empty
micantes,mico,VER,Case=Nom|Numb=Plur|Gend=MascFem|Mood=Par|Tense=Pres|Voice=Act
Adtollent,attollo,VER,Numb=Plur|Mood=Ind|Tense=Fut|Voice=Act|Person=3
rutilos,rutilus,ADJqua,Case=Acc|Numb=Plur|Gend=Masc|Deg=Pos
per,per,PRE,MORPH=empty
tecta,tectum,NOMcom,Case=Acc|Numb=Plur
ingentia,ingens,ADJqua,Case=Acc|Numb=Plur|Gend=Neut|Deg=Pos
crines,crinis,NOMcom,Case=Acc|Numb=Plur
Vrbibus,urbs,NOMcom,Case=Abl|Numb=Plur
in,in,PRE,MORPH=empty
cinerem,cinis,NOMcom,Case=Acc|Numb=Sing
uersis,uerto,VER,Case=Abl|Numb=Plur|Gend=Com|Mood=Par|Tense=Perf|Voice=Pass
quae,qui1,PROrel,Case=Acc|Numb=Plur|Gend=Neut
foeda,foedus2,ADJqua,Case=Acc|Numb=Plur|Gend=Neut|Deg=Pos
gerentes,gero,VER,Case=Nom|Numb=Plur|Gend=MascFem|Mood=Par|Tense=Pres|Voice=Act
Ambierant,ambio,VER,Numb=Plur|Mood=Ind|Tense=Pqp|Voice=Act|Person=3
ualido,ualidus,ADJqua,Case=Abl|Numb=Sing|Gend=MascNeut|Deg=Pos
quondam,quondam,ADV,Deg=Pos
tutamine,tutamen,NOMcom,Case=Abl|Numb=Sing
muri,murus,NOMcom,Case=Nom|Numb=Plur
Deficient,deficio,VER,Numb=Plur|Mood=Ind|Tense=Fut|Voice=Act|Person=3
tituli,titulus,NOMcom,Case=Nom|Numb=Plur
uanarum,uanus,ADJqua,Case=Gen|Numb=Plur|Gend=Fem|Deg=Pos
insignia,insigne,NOMcom,Case=Nom|Numb=Plur
laudum,laus,NOMcom,Case=Gen|Numb=Plur
Et,et2,CONcoo,MORPH=empty
quae,qui1,PROrel,Case=Nom|Numb=Plur|Gend=Neut
pulchra,pulcher,ADJqua,Case=Nom|Numb=Plur|Gend=Neut|Deg=Pos
prius,prius,ADJadv.ord,Deg=Comp
fuerant,sum1,VER,Numb=Plur|Mood=Ind|Tense=Pqp|Voice=Act|Person=3
destructa,destruo,VER,Case=Nom|Numb=Plur|Gend=Neut|Mood=Par|Tense=Perf|Voice=Pass
peribunt,pereo1,VER,Numb=Plur|Mood=Ind|Tense=Fut|Voice=Act|Person=3
Vt,ut1,ADVrel,MORPH=empty
deus,deus,NOMcom,Case=Nom|Numb=Sing
in,in,PRE,MORPH=empty
celsis,celsus,ADJqua,Case=Abl|Numb=Plur|Gend=Com
semper,semper,ADV,Deg=Pos
uenerandus,ueneror,ADJqua,Case=Nom|Numb=Sing|Gend=Masc
ametur,amo,VER,Numb=Sing|Mood=Sub|Tense=Pres|Voice=Pass|Person=3
Idola,Idolus,NOMcom,Case=Nom|Numb=Sing
quem,qui1,PROrel,Case=Acc|Numb=Sing|Gend=Masc
nequeunt,nequeo,VER,Numb=Plur|Mood=Ind|Tense=Pres|Voice=Act|Person=3
mentito,mentior,VER,Case=Abl|Numb=Sing|Gend=MascNeut|Mood=Par|Tense=Perf|Voice=Dep
adtingere,attingo,VER,Mood=Inf|Tense=Pres|Voice=Act
cultu,cultus1,NOMcom,Case=Abl|Numb=Sing
Quae,qui1,PROrel,Case=Nom|Numb=Sing|Gend=Neut
deinde,deinde,ADV,Deg=Pos
in,in,PRE,MORPH=empty
uotis,uotum,NOMcom,Case=Abl|Numb=Plur
maneat,maneo,VER,Numb=Sing|Mood=Sub|Tense=Pres|Voice=Act|Person=3
taxatio,taxatio,NOMcom,Case=Nom|Numb=Sing
dragmae,drachma,NOMcom,Case=Gen|Numb=Sing|Deg=Pos
Femina,femina,NOMcom,Case=Nom|Numb=Sing
si,si2,CONsub,MORPH=empty
fuerit,sum1,VER,Numb=Sing|Mood=Ind|Tense=FutAnt|Voice=Act|Person=3
seu,seu2,CONsub,MORPH=empty
mas,mas,NOMcom,Case=Acc|Numb=Sing|Deg=Pos
donatus,dono,VER,Case=Nom|Numb=Sing|Gend=Masc|Mood=Par|Tense=Perf|Voice=Pass
ad,ad2,PRE,MORPH=empty
altar,altar,NOMcom,Case=Acc|Numb=Sing
Perscripsit,perscribo,VER,Numb=Sing|Mood=Ind|Tense=Perf|Voice=Act|Person=3
rubrica,rubrica,NOMcom,Case=Nom|Numb=Sing
dei,deus,NOMcom,Case=Gen|Numb=Sing
seu,seu1,CONcoo,MORPH=empty
grandior,grandis,ADJqua,Case=Nom|Numb=Sing|Gend=MascFem|Deg=Comp
aeuo,aeuum,NOMcom,Case=Abl|Numb=Sing
Seu,seu1,CONcoo,MORPH=empty
puer,puer,NOMcom,Case=Nom|Numb=Sing
aut,aut,CONcoo,MORPH=empty
uirgo,uirgo,NOMcom,Case=Nom|Numb=Sing
nondum,nondum,ADVneg,MORPH=empty
pubentibus,pubens,ADJqua,Case=Abl|Numb=Plur|Gend=Com
annis,annus,NOMcom,Case=Abl|Numb=Plur
Seu,seu1,CONcoo,MORPH=empty
domus,domus,NOMcom,Case=Nom|Numb=Sing
aut,aut,CONcoo,MORPH=empty
fundus,fundus,NOMcom,Case=Nom|Numb=Sing
seu,seu1,CONcoo,MORPH=empty
quidquid,quisquis2,PROind,Case=Nom|Numb=Sing|Gend=Neut
mente,mens,NOMcom,Case=Abl|Numb=Sing
dicatur,dico2,VER,Numb=Sing|Mood=Sub|Tense=Pres|Voice=Pass|Person=3
Cum,cum3,CONsub,MORPH=empty
secura,securus,ADJqua,Case=Nom|Numb=Sing|Gend=Fem|Deg=Pos
deo,deus,NOMcom,Case=Abl|Numb=Sing
gaudet,gaudeo,VER,Numb=Sing|Mood=Ind|Tense=Pres|Voice=SemDep|Person=3
mens,mens,NOMcom,Case=Nom|Numb=Sing
credere,credo,VER,Mood=Inf|Tense=Pres|Voice=Act
summo,superus,ADJqua,Case=Abl|Numb=Sing|Gend=MascNeut|Deg=Sup
Seu,seu1,CONcoo,MORPH=empty
cum,cum2,PRE,MORPH=empty
sollicitis,sollicitus,ADJqua,Case=Abl|Numb=Plur|Gend=Com|Deg=Pos
agitur,ago,VER,Numb=Sing|Mood=Ind|Tense=Pres|Voice=Pass|Person=3
permota,permoueo,VER,Case=Nom|Numb=Sing|Gend=Fem|Mood=Par|Tense=Perf|Voice=Pass
periclis,periculum,NOMcom,Case=Abl|Numb=Plur
In,in,PRE,MORPH=empty
quibus,qui1,PROrel,Case=Abl|Numb=Plur|Gend=Com
inplicitus,implico,VER,Case=Nom|Numb=Sing|Gend=Masc|Mood=Par|Tense=Perf|Voice=Pass
ne,ne4,CONsub,MORPH=empty
sese,sui1,PROref,Case=Acc|Numb=Sing
inuolueret,inuoluo,VER,Numb=Sing|Mood=Sub|Tense=Impa|Voice=Act|Person=3
error,error,NOMcom,Case=Nom|Numb=Sing
Pars,pars,NOMcom,Case=Nom|Numb=Sing
expressa,exprimo,VER,Case=Nom|Numb=Sing|Gend=Fem
manet,maneo,VER,Numb=Sing|Mood=Ind|Tense=Pres|Voice=Act|Person=3
pars,pars,NOMcom,Case=Nom|Numb=Sing
est,sum1,VER,Numb=Sing|Mood=Ind|Tense=Pres|Voice=Act|Person=3
concredita,concredo,VER,Case=Nom|Numb=Sing|Gend=Fem|Deg=Pos|Mood=Par|Tense=Perf|Voice=Pass
uati,uates,NOMcom,Case=Dat|Numb=Sing
Vt,ut1,ADVrel,MORPH=empty
decimos,decimus,ADJord,Case=Acc|Numb=Plur|Gend=Masc|Deg=Pos
etiam,etiam,ADV,Deg=Pos
taxet,taeeo,VER,Numb=Sing|Person=3
sententia,sententia,NOMcom,Case=Nom|Numb=Sing
fructus,fructus,NOMcom,Case=Acc|Numb=Plur
Si,si2,CONsub,MORPH=empty
libitum,libet,VER,Numb=Sing|Gend=Neut|Mood=Par|Tense=Perf|Voice=Pass
retinere,retineo,VER,Mood=Inf|Tense=Pres|Voice=Act
pecus,pecus1,NOMcom,Case=Acc|Numb=Sing
agrumue,ager,NOMcom,Case=Acc|Numb=Sing
{agrumue},ue,CON,MORPH=empty
domumue,domus,NOMcom,Case=Acc|Numb=Sing
{domumue},ue,CON,MORPH=empty
Donantis,dono,VER,Case=Gen|Numb=Sing|Gend=Com|Mood=Par|Tense=Pres|Voice=Act
sub,sub,PRE,MORPH=empty
iure,ius1,NOMcom,Case=Abl|Numb=Sing
fuit,sum1,VER,Numb=Sing|Mood=Ind|Tense=Perf|Voice=Act|Person=3
mox,mox,ADV,Deg=Pos
pendat,pendo,VER,Numb=Sing|Mood=Sub|Tense=Pres|Voice=Act|Person=3
ad,ad2,PRE,MORPH=empty
altar,altar,NOMcom,Case=Acc|Numb=Sing
Commoda,commodum1,NOMcom,Case=Acc|Numb=Plur
quae,qui1,PROrel,Case=Nom|Numb=Plur|Gend=Neut
pretiis,pretium,NOMcom,Case=Abl|Numb=Plur
indunt,indo,VER,Numb=Plur|Mood=Ind|Tense=Pres|Voice=Act|Person=3
concordia,concordia,NOMcom,Case=Nom|Numb=Sing
nummi,numus,NOMcom,Case=Nom|Numb=Plur
